gene_id,pos1_A,pos1_C,pos1_G,pos1_T,pos2_A,pos2_C,pos2_G,pos2_T,pos3_A,pos3_C,pos3_G,pos3_T,pos4_A,pos4_C,pos4_G,pos4_T,pos5_A,pos5_C,pos5_G,pos5_T,pos6_A,pos6_C,pos6_G,pos6_T,pos7_A,pos7_C,pos7_G,pos7_T,pos8_A,pos8_C,pos8_G,pos8_T,pos9_A,pos9_C,pos9_G,pos9_T,pos10_A,pos10_C,pos10_G,pos10_T,pos11_A,pos11_C,pos11_G,pos11_T,pos12_A,pos12_C,pos12_G,pos12_T,pos13_A,pos13_C,pos13_G,pos13_T,pos14_A,pos14_C,pos14_G,pos14_T,pos15_A,pos15_C,pos15_G,pos15_T,pos16_A,pos16_C,pos16_G,pos16_T,pos17_A,pos17_C,pos17_G,pos17_T,pos18_A,pos18_C,pos18_G,pos18_T,pos19_A,pos19_C,pos19_G,pos19_T,pos20_A,pos20_C,pos20_G,pos20_T,pos21_A,pos21_C,pos21_G,pos21_T,pos22_A,pos22_C,pos22_G,pos22_T,pos23_A,pos23_C,pos23_G,pos23_T,pos24_A,pos24_C,pos24_G,pos24_T,pos25_A,pos25_C,pos25_G,pos25_T,pos26_A,pos26_C,pos26_G,pos26_T,pos27_A,pos27_C,pos27_G,pos27_T,pos28_A,pos28_C,pos28_G,pos28_T,pos29_A,pos29_C,pos29_G,pos29_T,pos30_A,pos30_C,pos30_G,pos30_T,pos31_A,pos31_C,pos31_G,pos31_T,pos32_A,pos32_C,pos32_G,pos32_T,pos33_A,pos33_C,pos33_G,pos33_T,pos34_A,pos34_C,pos34_G,pos34_T,pos35_A,pos35_C,pos35_G,pos35_T,pos36_A,pos36_C,pos36_G,pos36_T,pos37_A,pos37_C,pos37_G,pos37_T,pos38_A,pos38_C,pos38_G,pos38_T,pos39_A,pos39_C,pos39_G,pos39_T,pos40_A,pos40_C,pos40_G,pos40_T,pos41_A,pos41_C,pos41_G,pos41_T,pos42_A,pos42_C,pos42_G,pos42_T,pos43_A,pos43_C,pos43_G,pos43_T,pos44_A,pos44_C,pos44_G,pos44_T,pos45_A,pos45_C,pos45_G,pos45_T,pos46_A,pos46_C,pos46_G,pos46_T,pos47_A,pos47_C,pos47_G,pos47_T,pos48_A,pos48_C,pos48_G,pos48_T,pos49_A,pos49_C,pos49_G,pos49_T,pos50_A,pos50_C,pos50_G,pos50_T,pos51_A,pos51_C,pos51_G,pos51_T,pos52_A,pos52_C,pos52_G,pos52_T,pos53_A,pos53_C,pos53_G,pos53_T,pos54_A,pos54_C,pos54_G,pos54_T,pos55_A,pos55_C,pos55_G,pos55_T,pos56_A,pos56_C,pos56_G,pos56_T,pos57_A,pos57_C,pos57_G,pos57_T,pos58_A,pos58_C,pos58_G,pos58_T,pos59_A,pos59_C,pos59_G,pos59_T,pos60_A,pos60_C,pos60_G,pos60_T,pos61_A,pos61_C,pos61_G,pos61_T,pos62_A,pos62_C,pos62_G,pos62_T,pos63_A,pos63_C,pos63_G,pos63_T,pos64_A,pos64_C,pos64_G,pos64_T,pos65_A,pos65_C,pos65_G,pos65_T,pos66_A,pos66_C,pos66_G,pos66_T,pos67_A,pos67_C,pos67_G,pos67_T,pos68_A,pos68_C,pos68_G,pos68_T,pos69_A,pos69_C,pos69_G,pos69_T,pos70_A,pos70_C,pos70_G,pos70_T,pos71_A,pos71_C,pos71_G,pos71_T,pos72_A,pos72_C,pos72_G,pos72_T,pos73_A,pos73_C,pos73_G,pos73_T,pos74_A,pos74_C,pos74_G,pos74_T,pos75_A,pos75_C,pos75_G,pos75_T,pos76_A,pos76_C,pos76_G,pos76_T,pos77_A,pos77_C,pos77_G,pos77_T,pos78_A,pos78_C,pos78_G,pos78_T,pos79_A,pos79_C,pos79_G,pos79_T,pos80_A,pos80_C,pos80_G,pos80_T,pos81_A,pos81_C,pos81_G,pos81_T,pos82_A,pos82_C,pos82_G,pos82_T,pos83_A,pos83_C,pos83_G,pos83_T,pos84_A,pos84_C,pos84_G,pos84_T,pos85_A,pos85_C,pos85_G,pos85_T,pos86_A,pos86_C,pos86_G,pos86_T,pos87_A,pos87_C,pos87_G,pos87_T,pos88_A,pos88_C,pos88_G,pos88_T,pos89_A,pos89_C,pos89_G,pos89_T,pos90_A,pos90_C,pos90_G,pos90_T,pos91_A,pos91_C,pos91_G,pos91_T,pos92_A,pos92_C,pos92_G,pos92_T,pos93_A,pos93_C,pos93_G,pos93_T,pos94_A,pos94_C,pos94_G,pos94_T,pos95_A,pos95_C,pos95_G,pos95_T,pos96_A,pos96_C,pos96_G,pos96_T,pos97_A,pos97_C,pos97_G,pos97_T,pos98_A,pos98_C,pos98_G,pos98_T,pos99_A,pos99_C,pos99_G,pos99_T,pos100_A,pos100_C,pos100_G,pos100_T,length,effective_length,expected_count,GC_Content,AT_content_%,CpG_density_per_100bp,promoter_length,shannon_entropy,kmer_AAA,kmer_AAC,kmer_AAG,kmer_AAT,kmer_ACA,kmer_ACC,kmer_ACG,kmer_ACT,kmer_AGA,kmer_AGC,kmer_AGG,kmer_AGT,kmer_ATA,kmer_ATC,kmer_ATG,kmer_ATT,kmer_CAA,kmer_CAC,kmer_CAG,kmer_CAT,kmer_CCA,kmer_CCC,kmer_CCG,kmer_CCT,kmer_CGA,kmer_CGC,kmer_CGG,kmer_CGT,kmer_CTA,kmer_CTC,kmer_CTG,kmer_CTT,kmer_GAA,kmer_GAC,kmer_GAG,kmer_GAT,kmer_GCA,kmer_GCC,kmer_GCG,kmer_GCT,kmer_GGA,kmer_GGC,kmer_GGG,kmer_GGT,kmer_GTA,kmer_GTC,kmer_GTG,kmer_GTT,kmer_TAA,kmer_TAC,kmer_TAG,kmer_TAT,kmer_TCA,kmer_TCC,kmer_TCG,kmer_TCT,kmer_TGA,kmer_TGC,kmer_TGG,kmer_TGT,kmer_TTA,kmer_TTC,kmer_TTG,kmer_TTT,freq_AA,freq_AC,freq_AG,freq_AT,freq_CA,freq_CC,freq_CG,freq_CT,freq_GA,freq_GC,freq_GG,freq_GT,freq_TA,freq_TC,freq_TG,freq_TT,tata_presence,tata_position,tata_count,caat_presence,caat_position,caat_count,gc_presence,gc_position,gc_count,inr_presence,inr_position,inr_count,TPM,FPKM
ENSG00000000003,1,0,0,0,0,0,1,0,0,0,1,0,0,0,0,1,0,1,0,0,1,0,0,0,0,0,1,0,0,0,1,0,1,0,0,0,0,0,1,0,1,0,0,0,0,0,0,1,0,1,0,0,0,0,1,0,1,0,0,0,0,0,1,0,1,0,0,0,0,1,0,0,0,1,0,0,1,0,0,0,0,0,0,1,0,1,0,0,0,1,0,0,0,0,0,1,0,0,1,0,0,0,0,1,0,1,0,0,0,0,0,1,1,0,0,0,1,0,0,0,0,1,0,0,1,0,0,0,0,1,0,0,0,0,1,0,0,0,1,0,0,0,0,1,0,0,1,0,1,0,0,0,1,0,0,0,1,0,0,0,0,1,0,0,0,1,0,0,0,1,0,0,0,1,0,0,0,0,1,0,0,0,0,1,0,1,0,0,0,0,0,1,0,1,0,0,0,0,0,1,1,0,0,0,0,1,0,0,0,0,0,1,1,0,0,0,1,0,0,0,1,0,0,0,1,0,0,0,1,0,0,0,0,0,0,1,1,0,0,0,0,1,0,0,1,0,0,0,1,0,0,0,1,0,0,0,1,0,0,0,1,0,0,0,1,0,0,0,0,0,0,1,0,0,0,1,1,0,0,0,0,0,1,0,0,1,0,0,0,1,0,0,0,0,1,0,0,0,1,0,0,0,1,0,0,1,0,0,0,0,1,0,0,0,0,1,0,0,1,0,0,0,1,0,0,0,0,1,1,0,0,0,0,0,0,1,0,1,0,0,0,0,1,0,0,0,1,0,0,0,1,0,0,1,0,0,1,0,0,0,0,1,0,0,0,1,0,0,0,0,0,1,0,0,1,0,0,0,0,1,1,0,0,0,0,0,1,0,0,0,0,1,0,1,0,0,0,1,0,0,2130.84,1933.01,4749.0,39.1,60.9,1.6,1000,1.9434,0.0521042084168336,0.0120240480961923,0.0230460921843687,0.033066132264529,0.0170340681362725,0.0080160320641282,0.002004008016032,0.0160320641282565,0.0390781563126252,0.0140280561122244,0.0240480961923847,0.0120240480961923,0.0220440881763527,0.0120240480961923,0.0290581162324649,0.032064128256513,0.0180360721442885,0.0110220440881763,0.0160320641282565,0.0130260521042084,0.0120240480961923,0.0080160320641282,0.0060120240480961,0.0090180360721442,0.0070140280561122,0.001002004008016,0.0050100200400801,0.003006012024048,0.0100200400801603,0.0110220440881763,0.0170340681362725,0.0050100200400801,0.0270541082164328,0.0100200400801603,0.033066132264529,0.0190380761523046,0.0140280561122244,0.0080160320641282,0.0050100200400801,0.0090180360721442,0.0210420841683366,0.0140280561122244,0.0200400801603206,0.0120240480961923,0.0150300601202404,0.0090180360721442,0.0110220440881763,0.0110220440881763,0.0230460921843687,0.0100200400801603,0.0160320641282565,0.0300601202404809,0.0150300601202404,0.0110220440881763,0.003006012024048,0.0100200400801603,0.0220440881763527,0.0070140280561122,0.0180360721442885,0.0190380761523046,0.032064128256513,0.0070140280561122,0.0090180360721442,0.0290581162324649,12.01,4.3,8.91,9.51,5.81,3.5,1.6,4.4,8.91,3.6,6.71,4.6,7.91,3.9,6.61,7.71,1,18,1,0,-1,0,0,-1,0,1,32,1,47.11,35.32
ENSG00000000005,1,0,0,0,0,0,1,0,1,0,0,0,1,0,0,0,0,0,1,0,0,1,0,0,0,1,0,0,1,0,0,0,1,0,0,0,0,1,0,0,0,1,0,0,0,1,0,0,0,0,0,1,0,0,1,0,1,0,0,0,0,0,0,1,1,0,0,0,1,0,0,0,0,1,0,0,1,0,0,0,0,1,0,0,0,1,0,0,0,0,0,1,0,0,0,1,0,0,1,0,1,0,0,0,0,0,0,1,0,1,0,0,0,0,0,1,0,0,0,1,0,0,1,0,0,0,1,0,1,0,0,0,0,1,0,0,0,0,0,1,0,0,0,1,0,1,0,0,0,0,0,1,1,0,0,0,0,0,1,0,0,1,0,0,0,1,0,0,0,0,0,1,0,1,0,0,0,1,0,0,1,0,0,0,0,0,1,0,1,0,0,0,0,0,1,0,0,1,0,0,1,0,0,0,0,0,1,0,0,0,0,1,1,0,0,0,1,0,0,0,0,0,1,0,1,0,0,0,1,0,0,0,0,0,0,1,1,0,0,0,0,0,0,1,1,0,0,0,1,0,0,0,1,0,0,0,0,0,0,1,0,0,0,1,0,0,0,1,0,1,0,0,0,0,0,1,0,0,1,0,0,1,0,0,0,1,0,0,1,0,0,0,0,0,0,1,0,0,0,1,0,0,0,1,1,0,0,0,1,0,0,0,0,0,1,0,0,1,0,0,0,0,0,1,1,0,0,0,0,1,0,0,0,0,0,1,0,1,0,0,1,0,0,0,0,0,1,0,0,0,0,1,0,1,0,0,0,0,0,1,0,0,1,0,0,0,0,1,0,0,1,0,0,0,1,0,0,0,0,1,1,0,0,0,0,0,0,1,0,0,0,1,0,0,0,1,0,0,0,1,940.5,742.72,0.0,37.8,62.2,0.3,1000,1.954,0.0290581162324649,0.0160320641282565,0.0260521042084168,0.0270541082164328,0.0160320641282565,0.0110220440881763,0.001002004008016,0.0120240480961923,0.0300601202404809,0.0160320641282565,0.0210420841683366,0.0170340681362725,0.034068136272545,0.0170340681362725,0.0190380761523046,0.0280561122244488,0.0170340681362725,0.0090180360721442,0.0180360721442885,0.0220440881763527,0.0170340681362725,0.0140280561122244,0.0,0.0150300601202404,0.002004008016032,0.001002004008016,0.0,0.0,0.0080160320641282,0.0080160320641282,0.0220440881763527,0.0190380761523046,0.0310621242484969,0.0090180360721442,0.0220440881763527,0.0150300601202404,0.0150300601202404,0.0100200400801603,0.0,0.0080160320641282,0.0180360721442885,0.0080160320641282,0.0060120240480961,0.0120240480961923,0.0130260521042084,0.0060120240480961,0.0150300601202404,0.0180360721442885,0.0210420841683366,0.0060120240480961,0.0170340681362725,0.034068136272545,0.0180360721442885,0.0110220440881763,0.002004008016032,0.0220440881763527,0.0270541082164328,0.0080160320641282,0.0170340681362725,0.0230460921843687,0.0230460921843687,0.0220440881763527,0.0190380761523046,0.0300601202404809,9.81,4.0,8.41,9.81,6.61,4.6,0.3,5.71,7.71,3.3,4.4,5.21,7.81,5.31,7.51,9.51,1,19,1,0,-1,0,0,-1,0,0,-1,0,0.0,0.0
ENSG00000000419,0,0,0,1,0,1,0,0,0,0,0,1,0,0,0,1,0,0,1,0,1,0,0,0,0,0,1,0,0,1,0,0,0,0,0,1,0,0,1,0,0,1,0,0,0,0,0,1,0,0,1,0,1,0,0,0,0,0,0,1,1,0,0,0,1,0,0,0,0,0,1,0,0,0,1,0,1,0,0,0,0,1,0,0,0,0,0,1,0,0,1,0,0,0,1,0,1,0,0,0,0,0,1,0,0,0,1,0,1,0,0,0,0,0,0,1,0,1,0,0,0,0,0,1,0,0,0,1,0,1,0,0,1,0,0,0,0,1,0,0,0,0,1,0,0,0,1,0,0,1,0,0,0,0,0,1,0,0,0,1,0,0,0,1,0,1,0,0,0,0,0,1,0,0,1,0,0,0,0,1,0,0,1,0,1,0,0,0,0,0,1,0,0,0,0,1,0,1,0,0,1,0,0,0,0,0,0,1,0,0,0,1,0,0,0,1,0,1,0,0,0,1,0,0,0,1,0,0,1,0,0,0,0,0,1,0,0,0,0,1,0,0,0,1,0,0,0,1,0,0,1,0,0,1,0,0,1,0,0,0,1,0,0,0,1,0,0,0,0,0,0,1,0,1,0,0,1,0,0,0,0,1,0,0,1,0,0,0,0,0,0,1,1,0,0,0,1,0,0,0,1,0,0,0,0,0,0,1,0,0,1,0,0,0,1,0,0,0,1,0,0,0,1,0,1,0,0,0,0,1,0,0,1,0,0,0,0,0,1,0,0,1,0,0,1,0,0,0,0,0,1,0,0,1,0,0,0,1,0,0,0,1,0,0,0,1,0,0,0,0,0,1,0,0,0,1,0,1,0,0,0,0,0,1,0,0,0,1,0,0,1,0,0,0,0,1,0,0,1,0,1083.66,885.84,1726.0,59.2,40.8,5.6,1000,1.9738,0.0100200400801603,0.0060120240480961,0.0160320641282565,0.0110220440881763,0.0160320641282565,0.0120240480961923,0.0110220440881763,0.0080160320641282,0.0130260521042084,0.0280561122244488,0.0290581162324649,0.0200400801603206,0.0100200400801603,0.0100200400801603,0.0110220440881763,0.0080160320641282,0.0150300601202404,0.0270541082164328,0.0430861723446893,0.0160320641282565,0.0300601202404809,0.0210420841683366,0.0200400801603206,0.0150300601202404,0.0150300601202404,0.0170340681362725,0.0150300601202404,0.0090180360721442,0.002004008016032,0.0150300601202404,0.0240480961923847,0.0140280561122244,0.0100200400801603,0.0120240480961923,0.0210420841683366,0.0080160320641282,0.0350701402805611,0.034068136272545,0.0190380761523046,0.0180360721442885,0.0120240480961923,0.0410821643286573,0.0230460921843687,0.0100200400801603,0.0080160320641282,0.0180360721442885,0.0140280561122244,0.0100200400801603,0.0080160320641282,0.002004008016032,0.0100200400801603,0.0040080160320641,0.0200400801603206,0.0190380761523046,0.0060120240480961,0.0140280561122244,0.0110220440881763,0.0200400801603206,0.0190380761523046,0.0120240480961923,0.0040080160320641,0.0150300601202404,0.0130260521042084,0.0110220440881763,4.3,4.7,9.01,3.9,10.11,8.61,5.61,5.51,5.11,10.61,8.61,5.11,2.4,5.91,6.21,4.3,0,-1,0,0,-1,0,0,-1,0,1,40,1,37.36,28.01
ENSG00000000457,0,0,0,1,0,0,1,0,0,0,0,1,0,0,0,1,0,0,0,1,0,0,0,1,0,0,0,1,0,1,0,0,1,0,0,0,0,0,1,0,0,0,0,1,0,1,0,0,0,1,0,0,1,0,0,0,1,0,0,0,1,0,0,0,0,1,0,0,0,1,0,0,0,0,0,1,1,0,0,0,0,0,0,1,0,0,0,1,0,1,0,0,0,1,0,0,0,0,0,1,0,0,1,0,1,0,0,0,1,0,0,0,0,0,0,1,0,1,0,0,0,0,0,1,0,0,1,0,0,0,0,1,0,0,1,0,0,0,0,1,1,0,0,0,0,0,1,0,0,1,0,0,0,1,0,0,1,0,0,0,0,0,0,1,0,1,0,0,0,1,0,0,0,1,0,0,0,0,0,1,0,0,0,1,1,0,0,0,0,1,0,0,0,0,0,1,0,0,0,1,0,0,1,0,0,1,0,0,1,0,0,0,0,0,1,0,0,0,0,1,1,0,0,0,1,0,0,0,1,0,0,0,0,0,0,1,1,0,0,0,0,0,1,0,0,1,0,0,0,0,0,1,0,0,0,1,0,0,1,0,0,0,1,0,0,0,0,1,0,0,1,0,0,0,0,1,0,0,1,0,0,1,0,0,0,1,0,0,0,0,0,1,1,0,0,0,1,0,0,0,0,0,0,1,0,0,0,1,0,0,0,1,0,1,0,0,1,0,0,0,0,0,1,0,0,0,1,0,0,0,1,0,0,0,1,0,1,0,0,0,0,0,0,1,0,1,0,0,0,1,0,0,0,1,0,0,0,0,0,1,0,0,0,1,0,0,0,1,0,1,0,0,0,0,0,1,0,0,0,1,1,0,0,0,1,0,0,0,0,0,1,0,0,0,0,1,0,1,0,0,3257.98,3060.16,1000.0,43.3,56.7,2.5,1000,1.9791,0.0260521042084168,0.0130260521042084,0.0170340681362725,0.0230460921843687,0.0180360721442885,0.0140280561122244,0.0060120240480961,0.0210420841683366,0.0100200400801603,0.0210420841683366,0.0130260521042084,0.0140280561122244,0.0150300601202404,0.0130260521042084,0.0120240480961923,0.0240480961923847,0.0190380761523046,0.0180360721442885,0.0250501002004008,0.0160320641282565,0.0170340681362725,0.0100200400801603,0.0050100200400801,0.0240480961923847,0.0060120240480961,0.0060120240480961,0.0080160320641282,0.0050100200400801,0.0140280561122244,0.0220440881763527,0.0210420841683366,0.0270541082164328,0.0120240480961923,0.0090180360721442,0.0090180360721442,0.0120240480961923,0.0200400801603206,0.0100200400801603,0.0090180360721442,0.0160320641282565,0.0090180360721442,0.0110220440881763,0.0120240480961923,0.0130260521042084,0.0090180360721442,0.0100200400801603,0.0140280561122244,0.0140280561122244,0.0220440881763527,0.0190380761523046,0.0070140280561122,0.0130260521042084,0.0230460921843687,0.0220440881763527,0.0050100200400801,0.0240480961923847,0.0170340681362725,0.0170340681362725,0.0120240480961923,0.0150300601202404,0.0230460921843687,0.0290581162324649,0.0130260521042084,0.0450901803607214,7.91,5.91,5.81,6.41,7.81,5.61,2.5,8.51,4.2,5.51,4.5,4.7,6.11,7.41,6.11,11.01,0,-1,0,1,23,1,0,-1,0,1,23,2,6.27,4.7
ENSG00000000460,0,0,1,0,0,0,0,1,1,0,0,0,1,0,0,0,0,1,0,0,0,1,0,0,1,0,0,0,1,0,0,0,1,0,0,0,1,0,0,0,0,1,0,0,1,0,0,0,0,0,1,0,0,1,0,0,1,0,0,0,0,0,0,1,0,0,1,0,0,0,1,0,0,0,0,1,1,0,0,0,0,1,0,0,0,0,0,1,0,0,1,0,0,0,1,0,0,0,0,1,1,0,0,0,0,1,0,0,0,0,0,1,0,0,1,0,1,0,0,0,0,0,1,0,1,0,0,0,0,0,1,0,0,0,1,0,0,0,0,1,0,0,1,0,1,0,0,0,0,1,0,0,1,0,0,0,0,0,1,0,0,1,0,0,0,0,1,0,0,0,0,1,0,0,1,0,0,1,0,0,0,0,0,1,0,0,1,0,0,0,1,0,0,1,0,0,1,0,0,0,0,0,1,0,0,0,0,1,0,0,1,0,0,1,0,0,0,0,0,1,0,1,0,0,1,0,0,0,0,1,0,0,1,0,0,0,0,0,1,0,0,1,0,0,0,1,0,0,0,1,0,0,0,0,0,1,0,1,0,0,0,0,1,0,0,1,0,0,0,0,0,1,0,1,0,0,1,0,0,0,0,1,0,0,0,0,0,1,0,1,0,0,0,0,0,1,0,0,0,1,0,0,1,0,0,0,1,0,0,1,0,0,0,0,1,0,0,1,0,0,0,1,0,0,0,0,0,1,0,1,0,0,0,1,0,0,0,0,0,1,0,1,0,0,0,0,0,1,1,0,0,0,0,1,0,0,0,1,0,0,0,0,0,1,0,0,1,0,0,0,1,0,0,0,1,0,0,1,0,0,0,0,0,1,0,1,0,0,0,1,0,0,0,1,0,0,1,0,0,0,2664.2,2466.38,2264.0,59.0,41.0,2.2,1000,1.9763,0.0100200400801603,0.0120240480961923,0.0080160320641282,0.0110220440881763,0.0120240480961923,0.0240480961923847,0.001002004008016,0.0190380761523046,0.0100200400801603,0.0360721442885771,0.0210420841683366,0.0080160320641282,0.0050100200400801,0.0110220440881763,0.0090180360721442,0.003006012024048,0.0140280561122244,0.0290581162324649,0.0350701402805611,0.0060120240480961,0.0310621242484969,0.0270541082164328,0.0070140280561122,0.0280561122244488,0.003006012024048,0.0070140280561122,0.0090180360721442,0.003006012024048,0.0100200400801603,0.0260521042084168,0.0370741482965931,0.0200400801603206,0.0090180360721442,0.0080160320641282,0.0230460921843687,0.0060120240480961,0.0270541082164328,0.0270541082164328,0.0100200400801603,0.0300601202404809,0.0190380761523046,0.032064128256513,0.033066132264529,0.0180360721442885,0.0100200400801603,0.0070140280561122,0.034068136272545,0.003006012024048,0.0080160320641282,0.0070140280561122,0.0090180360721442,0.0050100200400801,0.0140280561122244,0.0150300601202404,0.0040080160320641,0.0160320641282565,0.0140280561122244,0.0200400801603206,0.0390781563126252,0.0240480961923847,0.0040080160320641,0.0050100200400801,0.0170340681362725,0.0090180360721442,4.1,5.61,7.51,2.8,8.41,9.31,2.2,9.31,4.6,9.51,10.21,5.41,2.9,4.9,9.71,3.5,0,-1,0,1,33,1,0,-1,0,1,33,1,17.6,13.2
ENSG00000000938,0,1,0,0,1,0,0,0,0,0,0,1,0,1,0,0,0,0,1,0,0,0,0,1,0,0,1,0,1,0,0,0,0,0,0,1,0,1,0,0,0,1,0,0,1,0,0,0,0,1,0,0,0,1,0,0,0,1,0,0,0,0,1,0,0,1,0,0,0,1,0,0,0,0,0,1,0,1,0,0,0,0,1,0,0,0,1,0,0,1,0,0,0,1,0,0,0,0,0,1,0,1,0,0,0,1,0,0,0,1,0,0,1,0,0,0,1,0,0,0,1,0,0,0,0,0,1,0,0,0,0,1,0,0,1,0,0,1,0,0,0,0,0,1,0,0,1,0,0,0,1,0,0,0,1,0,1,0,0,0,0,0,0,1,0,0,0,1,1,0,0,0,0,1,0,0,1,0,0,0,0,0,1,0,0,0,1,0,0,1,0,0,0,0,1,0,0,0,0,1,0,0,1,0,1,0,0,0,0,0,1,0,0,1,0,0,0,1,0,0,0,0,1,0,0,1,0,0,0,0,0,1,0,0,1,0,0,1,0,0,1,0,0,0,0,1,0,0,0,1,0,0,0,1,0,0,0,0,1,0,0,0,1,0,0,1,0,0,0,1,0,0,0,0,0,1,0,0,0,1,0,0,0,1,0,0,0,1,0,1,0,0,0,0,0,1,0,0,0,1,0,0,0,1,0,1,0,0,0,0,0,1,0,0,0,1,0,0,0,1,0,0,0,1,0,0,0,1,0,0,0,1,0,0,0,1,0,0,0,1,1,0,0,0,1,0,0,0,1,0,0,0,1,0,0,0,1,0,0,0,1,0,0,0,1,0,0,0,0,0,1,0,0,0,0,1,0,1,0,0,1,0,0,0,0,0,0,1,0,0,0,1,0,0,0,1,0,0,0,1,1798.62,1600.81,0.0,56.2,43.8,2.8,1000,1.9867,0.0210420841683366,0.0110220440881763,0.0200400801603206,0.0070140280561122,0.0130260521042084,0.0200400801603206,0.0,0.0130260521042084,0.0100200400801603,0.0160320641282565,0.0290581162324649,0.0170340681362725,0.001002004008016,0.0100200400801603,0.0060120240480961,0.0070140280561122,0.0130260521042084,0.0210420841683366,0.0250501002004008,0.0060120240480961,0.0250501002004008,0.0260521042084168,0.0130260521042084,0.032064128256513,0.0070140280561122,0.0070140280561122,0.0080160320641282,0.0060120240480961,0.0080160320641282,0.0300601202404809,0.0400801603206412,0.0170340681362725,0.0130260521042084,0.0110220440881763,0.0200400801603206,0.0100200400801603,0.0120240480961923,0.0240480961923847,0.0080160320641282,0.0290581162324649,0.0190380761523046,0.0250501002004008,0.0390781563126252,0.0170340681362725,0.0060120240480961,0.0160320641282565,0.0240480961923847,0.0040080160320641,0.0120240480961923,0.003006012024048,0.0070140280561122,0.001002004008016,0.0140280561122244,0.0260521042084168,0.0070140280561122,0.0210420841683366,0.0180360721442885,0.0250501002004008,0.0240480961923847,0.0100200400801603,0.0080160320641282,0.0130260521042084,0.0070140280561122,0.0400801603206412,5.91,4.6,7.21,2.4,6.51,9.61,2.8,9.51,5.41,7.31,10.01,5.01,2.3,6.91,7.71,6.81,0,-1,0,0,-1,0,0,-1,0,0,-1,0,0.0,0.0
ENSG00000000971,1,0,0,0,1,0,0,0,1,0,0,0,0,0,1,0,0,1,0,0,0,0,0,1,1,0,0,0,1,0,0,0,1,0,0,0,1,0,0,0,0,0,0,1,0,0,0,1,1,0,0,0,0,1,0,0,1,0,0,0,1,0,0,0,0,0,1,0,0,0,1,0,1,0,0,0,0,0,0,1,0,0,0,1,1,0,0,0,1,0,0,0,1,0,0,0,1,0,0,0,0,0,0,1,0,0,0,1,1,0,0,0,0,1,0,0,0,1,0,0,1,0,0,0,1,0,0,0,0,0,1,0,0,0,0,1,1,0,0,0,0,0,0,1,0,1,0,0,0,0,0,1,0,1,0,0,0,0,0,1,0,0,1,0,1,0,0,0,0,0,1,0,0,0,1,0,0,0,1,0,0,0,0,1,1,0,0,0,0,0,0,1,0,0,1,0,0,0,1,0,1,0,0,0,0,0,1,0,0,1,0,0,1,0,0,0,1,0,0,0,0,1,0,0,0,0,0,1,0,0,0,1,0,0,1,0,0,0,1,0,1,0,0,0,0,1,0,0,1,0,0,0,0,1,0,0,0,0,0,1,0,0,1,0,0,1,0,0,0,0,0,1,0,0,1,0,1,0,0,0,0,0,0,1,1,0,0,0,0,0,1,0,1,0,0,0,1,0,0,0,1,0,0,0,0,0,0,1,0,0,1,0,0,0,0,1,0,1,0,0,1,0,0,0,1,0,0,0,0,0,1,0,0,0,0,1,0,0,1,0,1,0,0,0,0,0,0,1,0,0,1,0,0,0,0,1,0,1,0,0,1,0,0,0,1,0,0,0,0,0,1,0,0,0,0,1,0,0,1,0,0,0,0,1,0,0,0,1,1,0,0,0,0,0,0,1,1,0,0,0,3706.05,3508.23,10914.11,34.3,65.7,0.5,1000,1.9272,0.0581162324649298,0.0170340681362725,0.0210420841683366,0.034068136272545,0.0280561122244488,0.0130260521042084,0.001002004008016,0.0170340681362725,0.0160320641282565,0.0110220440881763,0.0090180360721442,0.0180360721442885,0.0290581162324649,0.0130260521042084,0.0180360721442885,0.034068136272545,0.0280561122244488,0.0150300601202404,0.0140280561122244,0.0200400801603206,0.0170340681362725,0.0060120240480961,0.001002004008016,0.0080160320641282,0.001002004008016,0.001002004008016,0.0,0.003006012024048,0.0170340681362725,0.0090180360721442,0.0150300601202404,0.0130260521042084,0.0160320641282565,0.0060120240480961,0.0130260521042084,0.0120240480961923,0.0120240480961923,0.0040080160320641,0.001002004008016,0.0090180360721442,0.0100200400801603,0.0040080160320641,0.0110220440881763,0.0130260521042084,0.0130260521042084,0.0080160320641282,0.0220440881763527,0.0200400801603206,0.0270541082164328,0.0210420841683366,0.0060120240480961,0.0280561122244488,0.0200400801603206,0.0090180360721442,0.002004008016032,0.0200400801603206,0.0210420841683366,0.0100200400801603,0.0180360721442885,0.0290581162324649,0.0230460921843687,0.0210420841683366,0.0230460921843687,0.0410821643286573,13.01,5.91,5.41,9.41,7.71,3.2,0.5,5.41,4.8,2.6,3.8,6.31,8.21,5.11,7.81,10.81,0,-1,0,0,-1,0,0,-1,0,1,51,1,59.65,44.72
ENSG00000001036,1,0,0,0,0,0,1,0,0,0,0,1,0,0,0,1,0,0,1,0,0,1,0,0,0,0,0,1,0,0,1,0,0,0,1,0,0,1,0,0,0,1,0,0,0,0,0,1,0,0,0,1,0,0,0,1,0,0,0,1,0,0,0,1,0,0,0,1,0,1,0,0,0,1,0,0,0,1,0,0,1,0,0,0,1,0,0,0,0,0,1,0,0,1,0,0,0,0,0,1,0,0,0,1,0,0,1,0,0,1,0,0,1,0,0,0,0,0,1,0,0,0,1,0,0,0,0,1,0,0,0,1,0,0,0,1,0,1,0,0,0,0,0,1,0,0,0,1,1,0,0,0,1,0,0,0,1,0,0,0,0,1,0,0,1,0,0,0,0,0,0,1,0,0,0,1,0,1,0,0,1,0,0,0,0,0,0,1,0,0,0,1,0,1,0,0,0,1,0,0,1,0,0,0,0,1,0,0,0,0,0,1,0,0,1,0,0,0,1,0,0,0,0,1,0,0,0,1,0,0,0,1,0,1,0,0,1,0,0,0,0,1,0,0,0,1,0,0,0,0,0,1,0,0,1,0,0,0,0,1,0,1,0,0,0,0,0,1,0,1,0,0,1,0,0,0,0,0,1,0,1,0,0,0,0,0,0,1,0,1,0,0,1,0,0,0,0,0,0,1,0,1,0,0,0,0,0,1,0,1,0,0,0,1,0,0,0,0,0,1,0,0,0,1,0,0,1,0,0,0,0,1,0,0,0,1,0,1,0,0,1,0,0,0,1,0,0,0,0,0,0,1,0,0,1,0,0,1,0,0,1,0,0,0,0,0,1,0,0,0,0,1,0,0,1,0,0,0,1,0,0,0,0,1,0,0,0,1,0,1,0,0,0,0,0,1,0,1,0,0,2333.47,2135.65,4607.0,53.3,46.7,3.8,1000,1.989,0.0080160320641282,0.0130260521042084,0.0140280561122244,0.0090180360721442,0.0130260521042084,0.0140280561122244,0.0070140280561122,0.0120240480961923,0.0150300601202404,0.0150300601202404,0.0230460921843687,0.0170340681362725,0.003006012024048,0.0130260521042084,0.0090180360721442,0.0130260521042084,0.0160320641282565,0.0160320641282565,0.0250501002004008,0.0140280561122244,0.0210420841683366,0.0210420841683366,0.0180360721442885,0.0210420841683366,0.0070140280561122,0.0120240480961923,0.0110220440881763,0.0080160320641282,0.0060120240480961,0.0210420841683366,0.0270541082164328,0.0230460921843687,0.0130260521042084,0.0130260521042084,0.0200400801603206,0.0120240480961923,0.0130260521042084,0.0260521042084168,0.0070140280561122,0.0180360721442885,0.0200400801603206,0.0220440881763527,0.0240480961923847,0.0190380761523046,0.0080160320641282,0.0150300601202404,0.0150300601202404,0.0190380761523046,0.0070140280561122,0.0040080160320641,0.0100200400801603,0.003006012024048,0.0240480961923847,0.0200400801603206,0.0060120240480961,0.0260521042084168,0.0160320641282565,0.0160320641282565,0.0270541082164328,0.0130260521042084,0.0070140280561122,0.0270541082164328,0.0210420841683366,0.0420841683366733,4.4,4.6,7.01,3.8,7.11,8.11,3.8,7.71,5.81,6.51,8.51,5.71,2.4,7.61,7.21,9.71,0,-1,0,0,-1,0,0,-1,0,1,9,1,41.36,31.01
ENSG00000001084,0,0,0,1,0,0,1,0,0,0,1,0,0,0,1,0,0,0,0,1,0,0,1,0,0,0,0,1,0,0,1,0,0,0,1,0,0,0,0,1,0,0,1,0,0,0,1,0,0,1,0,0,1,0,0,0,0,0,1,0,0,0,1,0,0,0,0,1,0,0,1,0,0,1,0,0,0,1,0,0,0,0,0,1,0,0,1,0,0,0,0,1,1,0,0,0,0,0,1,0,0,0,0,1,0,1,0,0,0,1,0,0,0,1,0,0,0,0,1,0,0,0,1,0,0,1,0,0,0,0,0,1,1,0,0,0,0,1,0,0,0,0,0,1,0,1,0,0,1,0,0,0,0,0,1,0,0,0,1,0,1,0,0,0,0,0,1,0,0,0,1,0,0,1,0,0,0,0,0,1,0,0,0,1,0,1,0,0,0,0,1,0,0,0,1,0,0,0,0,1,0,0,1,0,0,0,1,0,0,0,1,0,1,0,0,0,0,0,1,0,0,0,1,0,1,0,0,0,0,0,0,1,0,1,0,0,1,0,0,0,0,1,0,0,0,1,0,0,0,0,0,1,0,0,1,0,1,0,0,0,0,0,1,0,0,1,0,0,0,1,0,0,0,1,0,0,1,0,0,0,0,0,1,0,0,0,1,0,1,0,0,0,0,0,1,0,0,0,1,0,0,0,0,1,0,1,0,0,0,0,1,0,1,0,0,0,0,0,1,0,0,0,1,0,0,1,0,0,0,0,0,1,0,0,1,0,0,1,0,0,1,0,0,0,0,0,1,0,0,0,0,1,0,0,1,0,1,0,0,0,0,0,1,0,0,1,0,0,0,1,0,0,1,0,0,0,0,0,0,1,0,0,1,0,1,0,0,0,0,0,0,1,0,1,0,0,1,0,0,0,2943.07,2745.26,17237.02,43.9,56.1,0.7,1000,1.9811,0.0410821643286573,0.0210420841683366,0.0200400801603206,0.0220440881763527,0.0240480961923847,0.0080160320641282,0.001002004008016,0.0200400801603206,0.0290581162324649,0.0170340681362725,0.0270541082164328,0.0150300601202404,0.0160320641282565,0.0150300601202404,0.0210420841683366,0.0150300601202404,0.0260521042084168,0.0140280561122244,0.0240480961923847,0.0160320641282565,0.0130260521042084,0.0140280561122244,0.002004008016032,0.0190380761523046,0.001002004008016,0.001002004008016,0.0050100200400801,0.0,0.0100200400801603,0.0180360721442885,0.0220440881763527,0.0120240480961923,0.0190380761523046,0.0070140280561122,0.0250501002004008,0.0210420841683366,0.0230460921843687,0.0090180360721442,0.001002004008016,0.0140280561122244,0.0220440881763527,0.0140280561122244,0.0130260521042084,0.0150300601202404,0.0120240480961923,0.0080160320641282,0.0250501002004008,0.0130260521042084,0.0180360721442885,0.0110220440881763,0.0190380761523046,0.0080160320641282,0.0200400801603206,0.0170340681362725,0.003006012024048,0.0100200400801603,0.0200400801603206,0.0150300601202404,0.0190380761523046,0.0280561122244488,0.0180360721442885,0.0090180360721442,0.0130260521042084,0.0200400801603206,10.41,5.31,8.81,6.71,8.01,4.8,0.7,6.31,7.21,4.7,6.41,5.81,5.61,5.01,8.21,6.01,0,-1,0,0,-1,0,0,-1,0,1,11,1,120.39,90.26
ENSG00000001167,0,1,0,0,1,0,0,0,1,0,0,0,0,0,1,0,0,0,1,0,0,1,0,0,0,1,0,0,0,0,1,0,1,0,0,0,0,0,0,1,0,0,0,1,0,0,0,1,1,0,0,0,0,0,1,0,0,0,1,0,1,0,0,0,0,1,0,0,0,0,1,0,0,0,1,0,0,0,0,1,0,1,0,0,0,0,0,1,0,1,0,0,0,1,0,0,0,0,0,1,0,0,0,1,0,0,0,1,0,0,0,1,0,1,0,0,0,0,0,1,0,1,0,0,0,0,0,1,0,0,1,0,0,1,0,0,1,0,0,0,0,1,0,0,0,0,1,0,1,0,0,0,0,1,0,0,0,0,1,0,0,1,0,0,1,0,0,0,1,0,0,0,1,0,0,0,1,0,0,0,0,0,1,0,0,0,0,1,1,0,0,0,0,0,0,1,0,0,0,1,0,0,0,1,0,1,0,0,0,1,0,0,0,1,0,0,0,1,0,0,1,0,0,0,0,0,1,0,0,0,0,1,0,0,1,0,0,0,1,0,0,0,1,0,0,0,0,1,0,1,0,0,0,0,0,1,0,0,1,0,0,0,1,0,0,1,0,0,0,0,0,1,0,0,0,1,1,0,0,0,0,0,1,0,1,0,0,0,1,0,0,0,0,0,1,0,1,0,0,0,1,0,0,0,1,0,0,0,1,0,0,0,0,1,0,0,1,0,0,0,0,0,1,0,1,0,0,0,1,0,0,0,0,0,1,0,0,0,1,0,0,0,1,0,1,0,0,0,0,1,0,0,0,0,0,1,0,0,0,1,0,0,1,0,0,0,1,0,0,1,0,0,0,1,0,0,1,0,0,0,0,1,0,0,1,0,0,0,0,0,1,0,0,0,0,1,0,1,0,0,2901.61,2703.78,2094.0,61.7,38.3,7.4,1000,1.9563,0.0190380761523046,0.0110220440881763,0.0280561122244488,0.003006012024048,0.0050100200400801,0.0080160320641282,0.0120240480961923,0.0100200400801603,0.0080160320641282,0.0220440881763527,0.0300601202404809,0.0170340681362725,0.0,0.0040080160320641,0.003006012024048,0.0100200400801603,0.0130260521042084,0.0130260521042084,0.0160320641282565,0.0050100200400801,0.0160320641282565,0.0380761523046092,0.0230460921843687,0.0220440881763527,0.0130260521042084,0.0280561122244488,0.0180360721442885,0.0150300601202404,0.0100200400801603,0.0160320641282565,0.0200400801603206,0.0140280561122244,0.0230460921843687,0.0060120240480961,0.0200400801603206,0.0050100200400801,0.0140280561122244,0.033066132264529,0.034068136272545,0.0130260521042084,0.0280561122244488,0.0300601202404809,0.0470941883767535,0.0220440881763527,0.0110220440881763,0.0170340681362725,0.0210420841683366,0.0130260521042084,0.0060120240480961,0.0050100200400801,0.0130260521042084,0.0040080160320641,0.0110220440881763,0.0200400801603206,0.0050100200400801,0.0150300601202404,0.0050100200400801,0.0140280561122244,0.032064128256513,0.0080160320641282,0.0070140280561122,0.0140280561122244,0.0150300601202404,0.0170340681362725,6.11,3.5,7.71,1.7,4.7,9.91,7.41,6.01,5.41,9.41,12.71,6.21,2.8,5.11,5.91,5.41,0,-1,0,0,-1,0,0,-1,0,1,93,1,14.85,11.13
ENSG00000001460,0,0,0,1,0,0,0,1,0,1,0,0,1,0,0,0,0,0,0,1,0,1,0,0,0,1,0,0,1,0,0,0,1,0,0,0,0,1,0,0,1,0,0,0,1,0,0,0,1,0,0,0,0,0,0,1,1,0,0,0,0,0,0,1,0,0,0,1,0,0,0,1,1,0,0,0,0,1,0,0,0,0,0,1,0,0,1,0,1,0,0,0,0,0,1,0,0,0,1,0,0,0,1,0,0,1,0,0,0,0,0,1,0,1,0,0,1,0,0,0,0,1,0,0,0,0,0,1,0,0,1,0,0,0,0,1,0,0,1,0,1,0,0,0,0,0,1,0,0,1,0,0,0,0,0,1,1,0,0,0,1,0,0,0,1,0,0,0,0,1,0,0,1,0,0,0,1,0,0,0,0,0,0,1,0,0,0,1,0,0,0,1,0,1,0,0,0,0,0,1,0,0,1,0,0,1,0,0,0,1,0,0,1,0,0,0,0,1,0,0,0,0,0,1,0,1,0,0,0,1,0,0,0,1,0,0,0,0,0,1,0,0,1,0,1,0,0,0,0,0,1,0,0,0,1,0,0,1,0,0,0,0,0,1,0,0,0,1,0,1,0,0,1,0,0,0,0,0,1,0,1,0,0,0,0,0,1,0,1,0,0,0,0,0,1,0,0,1,0,0,0,0,0,1,0,0,1,0,0,1,0,0,0,1,0,0,0,0,0,1,0,1,0,0,0,1,0,0,0,0,0,1,0,0,1,0,0,0,0,1,0,0,1,0,0,0,0,1,1,0,0,0,0,0,0,1,0,1,0,0,0,1,0,0,0,0,0,1,0,0,1,0,0,0,0,1,1,0,0,0,0,0,1,0,0,1,0,0,0,0,0,1,0,0,0,1,0,1,0,0,2455.64,2257.82,875.0,46.0,54.0,1.0,1000,1.9935,0.0170340681362725,0.0180360721442885,0.0150300601202404,0.0190380761523046,0.0250501002004008,0.0160320641282565,0.002004008016032,0.0200400801603206,0.0220440881763527,0.0260521042084168,0.0210420841683366,0.0140280561122244,0.0230460921843687,0.0130260521042084,0.0170340681362725,0.0140280561122244,0.0210420841683366,0.0140280561122244,0.032064128256513,0.0240480961923847,0.0240480961923847,0.0190380761523046,0.0040080160320641,0.0240480961923847,0.003006012024048,0.002004008016032,0.0040080160320641,0.001002004008016,0.0180360721442885,0.0110220440881763,0.0240480961923847,0.0180360721442885,0.0130260521042084,0.0140280561122244,0.0250501002004008,0.0070140280561122,0.0170340681362725,0.0190380761523046,0.003006012024048,0.0150300601202404,0.0140280561122244,0.0120240480961923,0.0120240480961923,0.0130260521042084,0.0110220440881763,0.0070140280561122,0.0180360721442885,0.0160320641282565,0.0180360721442885,0.0170340681362725,0.0110220440881763,0.0170340681362725,0.0250501002004008,0.0170340681362725,0.001002004008016,0.0120240480961923,0.0200400801603206,0.0140280561122244,0.0140280561122244,0.0250501002004008,0.0110220440881763,0.0240480961923847,0.0140280561122244,0.0170340681362725,6.91,6.31,8.31,6.71,9.11,7.11,1.0,7.11,5.91,5.41,5.11,5.31,6.31,5.51,7.31,6.61,0,-1,0,0,-1,0,0,-1,0,1,38,1,7.43,5.57
ENSG00000001461,1,0,0,0,0,0,0,1,0,0,0,1,1,0,0,0,0,1,0,0,1,0,0,0,0,0,1,0,0,0,1,0,0,0,0,1,0,0,1,0,0,0,0,1,0,0,1,0,1,0,0,0,0,0,1,0,0,1,0,0,0,1,0,0,1,0,0,0,0,1,0,0,0,1,0,0,0,0,1,0,0,1,0,0,0,0,1,0,0,1,0,0,0,1,0,0,0,0,1,0,0,0,1,0,0,1,0,0,0,1,0,0,0,1,0,0,0,1,0,0,0,1,0,0,1,0,0,0,1,0,0,0,1,0,0,0,0,0,0,1,1,0,0,0,0,0,0,1,0,0,1,0,0,0,0,1,0,0,0,1,1,0,0,0,0,0,0,1,0,0,0,1,0,0,0,1,1,0,0,0,0,0,0,1,1,0,0,0,1,0,0,0,1,0,0,0,0,1,0,0,0,0,0,1,0,0,1,0,0,0,0,1,0,1,0,0,0,1,0,0,0,1,0,0,0,0,0,1,0,0,1,0,0,0,1,0,0,1,0,0,0,1,0,0,0,1,0,0,0,0,1,0,0,0,0,1,0,1,0,0,0,1,0,0,0,1,0,0,0,0,0,1,0,1,0,0,1,0,0,0,0,0,1,0,1,0,0,0,0,0,0,1,0,1,0,0,0,0,1,0,0,1,0,0,1,0,0,0,0,0,1,0,0,0,1,0,0,1,0,0,0,1,0,0,0,1,0,0,1,0,0,0,1,0,0,0,0,1,0,0,0,1,0,0,1,0,0,0,0,1,0,0,0,0,1,0,0,1,0,0,0,1,0,0,0,1,0,0,0,1,0,0,0,1,0,0,1,0,0,0,0,0,1,0,1,0,0,0,1,0,0,0,1,0,0,0,1,0,0,0,3617.97,3420.15,2033.0,54.8,45.2,4.4,1000,1.9932,0.0230460921843687,0.0140280561122244,0.0170340681362725,0.0120240480961923,0.0110220440881763,0.0130260521042084,0.0070140280561122,0.0120240480961923,0.0110220440881763,0.0260521042084168,0.0300601202404809,0.0060120240480961,0.0090180360721442,0.0100200400801603,0.0170340681362725,0.0120240480961923,0.0220440881763527,0.0120240480961923,0.0280561122244488,0.0130260521042084,0.0260521042084168,0.0270541082164328,0.0120240480961923,0.0170340681362725,0.0080160320641282,0.0190380761523046,0.0070140280561122,0.0100200400801603,0.0090180360721442,0.0230460921843687,0.0260521042084168,0.0180360721442885,0.0120240480961923,0.0110220440881763,0.0220440881763527,0.0090180360721442,0.0240480961923847,0.0260521042084168,0.0150300601202404,0.0230460921843687,0.0190380761523046,0.0260521042084168,0.0260521042084168,0.0120240480961923,0.0070140280561122,0.0150300601202404,0.0130260521042084,0.0100200400801603,0.0090180360721442,0.0060120240480961,0.0060120240480961,0.0130260521042084,0.0140280561122244,0.0160320641282565,0.0100200400801603,0.0250501002004008,0.0160320641282565,0.0170340681362725,0.0200400801603206,0.0170340681362725,0.0090180360721442,0.0170340681362725,0.0140280561122244,0.0120240480961923,6.61,4.3,7.31,4.8,7.51,8.21,4.4,7.71,5.41,8.81,8.31,4.5,3.4,6.51,7.01,5.21,0,-1,0,0,-1,0,0,-1,0,1,20,1,11.4,8.54
ENSG00000001497,1,0,0,0,1,0,0,0,0,0,1,0,0,0,0,1,1,0,0,0,0,0,0,1,1,0,0,0,0,1,0,0,0,1,0,0,0,0,0,1,0,0,0,1,0,0,1,0,0,0,1,0,0,0,0,1,0,0,1,0,0,0,1,0,1,0,0,0,0,0,0,1,0,0,1,0,0,0,0,1,0,0,0,1,0,0,1,0,1,0,0,0,1,0,0,0,1,0,0,0,0,1,0,0,0,1,0,0,1,0,0,0,1,0,0,0,0,1,0,0,1,0,0,0,0,0,0,1,1,0,0,0,0,0,1,0,0,1,0,0,1,0,0,0,0,0,1,0,0,0,0,1,0,0,1,0,0,0,1,0,1,0,0,0,1,0,0,0,0,0,0,1,0,0,1,0,0,0,0,1,0,0,0,1,0,0,1,0,0,0,1,0,0,1,0,0,1,0,0,0,0,0,1,0,1,0,0,0,0,0,1,0,0,0,0,1,1,0,0,0,1,0,0,0,1,0,0,0,1,0,0,0,0,0,0,1,0,0,0,1,0,1,0,0,0,0,0,1,1,0,0,0,0,1,0,0,1,0,0,0,1,0,0,0,0,0,0,1,0,0,0,1,0,0,0,1,0,0,0,1,0,1,0,0,0,0,0,1,0,0,1,0,0,1,0,0,0,0,0,1,1,0,0,0,0,0,0,1,0,0,1,0,1,0,0,0,0,1,0,0,1,0,0,0,0,0,1,0,1,0,0,0,0,0,1,0,1,0,0,0,1,0,0,0,0,1,0,0,0,1,0,0,0,0,0,1,1,0,0,0,0,0,1,0,1,0,0,0,0,0,1,0,1,0,0,0,0,1,0,0,0,1,0,0,1,0,0,0,0,0,1,0,0,0,0,1,0,1,0,0,2438.05,2240.23,5294.0,47.2,52.8,3.0,1000,1.9959,0.0250501002004008,0.0170340681362725,0.0110220440881763,0.0160320641282565,0.0140280561122244,0.0170340681362725,0.0050100200400801,0.0190380761523046,0.0180360721442885,0.0120240480961923,0.0170340681362725,0.0180360721442885,0.0100200400801603,0.0050100200400801,0.0140280561122244,0.0280561122244488,0.0170340681362725,0.0130260521042084,0.0220440881763527,0.0100200400801603,0.0180360721442885,0.0140280561122244,0.0140280561122244,0.0210420841683366,0.0060120240480961,0.0110220440881763,0.0100200400801603,0.003006012024048,0.0140280561122244,0.0170340681362725,0.0300601202404809,0.0140280561122244,0.0130260521042084,0.0100200400801603,0.0170340681362725,0.0150300601202404,0.0150300601202404,0.0210420841683366,0.0070140280561122,0.0170340681362725,0.0140280561122244,0.0210420841683366,0.0130260521042084,0.0180360721442885,0.0140280561122244,0.0130260521042084,0.0160320641282565,0.0140280561122244,0.0130260521042084,0.0150300601202404,0.0150300601202404,0.0160320641282565,0.0150300601202404,0.0150300601202404,0.0040080160320641,0.0180360721442885,0.0170340681362725,0.0160320641282565,0.0260521042084168,0.0180360721442885,0.0210420841683366,0.0170340681362725,0.0170340681362725,0.0370741482965931,6.91,5.51,6.51,5.71,6.21,6.71,3.0,7.51,5.51,6.01,6.61,5.71,5.91,5.21,7.71,9.31,0,-1,0,1,27,1,0,-1,0,1,27,1,45.31,33.97
ENSG00000001561,0,0,0,1,0,1,0,0,0,0,0,1,1,0,0,0,1,0,0,0,0,0,1,0,0,0,1,0,0,0,0,1,0,1,0,0,0,1,0,0,1,0,0,0,0,0,1,0,0,0,0,1,1,0,0,0,0,1,0,0,0,0,0,1,0,0,1,0,0,1,0,0,1,0,0,0,0,0,1,0,0,0,0,1,0,0,0,1,0,0,0,1,1,0,0,0,0,1,0,0,0,0,0,1,1,0,0,0,1,0,0,0,0,0,0,1,0,1,0,0,0,1,0,0,1,0,0,0,0,0,1,0,0,0,1,0,0,0,0,1,1,0,0,0,0,1,0,0,0,0,0,1,0,0,1,0,0,0,1,0,1,0,0,0,0,0,0,1,0,0,0,1,0,0,0,1,1,0,0,0,0,1,0,0,1,0,0,0,0,0,1,0,0,1,0,0,0,0,0,1,1,0,0,0,0,0,0,1,0,0,0,1,1,0,0,0,1,0,0,0,1,0,0,0,0,0,0,1,1,0,0,0,0,1,0,0,0,0,0,1,0,0,0,1,1,0,0,0,1,0,0,0,0,1,0,0,1,0,0,0,0,1,0,0,0,0,0,1,0,0,0,1,0,0,1,0,1,0,0,0,0,0,1,0,0,0,1,0,1,0,0,0,0,0,0,1,1,0,0,0,0,0,0,1,0,1,0,0,1,0,0,0,0,1,0,0,1,0,0,0,0,0,0,1,0,0,1,0,0,0,0,1,0,0,1,0,1,0,0,0,0,0,0,1,0,0,0,1,1,0,0,0,1,0,0,0,0,0,0,1,1,0,0,0,0,0,0,1,0,0,0,1,0,1,0,0,0,0,0,1,0,0,0,1,1,0,0,0,1,0,0,0,0,0,0,1,0,0,0,1,4651.0,4453.18,143.0,44.9,55.1,2.7,1000,1.9902,0.0240480961923847,0.0180360721442885,0.0260521042084168,0.0170340681362725,0.0160320641282565,0.0130260521042084,0.0080160320641282,0.0260521042084168,0.0160320641282565,0.0190380761523046,0.0140280561122244,0.0170340681362725,0.0130260521042084,0.0140280561122244,0.0060120240480961,0.0230460921843687,0.0220440881763527,0.0140280561122244,0.0200400801603206,0.0130260521042084,0.0240480961923847,0.0120240480961923,0.0070140280561122,0.0180360721442885,0.003006012024048,0.0100200400801603,0.0090180360721442,0.0050100200400801,0.0170340681362725,0.0150300601202404,0.0310621242484969,0.0220440881763527,0.0140280561122244,0.0110220440881763,0.0090180360721442,0.0120240480961923,0.0180360721442885,0.0160320641282565,0.0070140280561122,0.0200400801603206,0.0170340681362725,0.0120240480961923,0.0040080160320641,0.0150300601202404,0.0120240480961923,0.0070140280561122,0.0160320641282565,0.0160320641282565,0.0250501002004008,0.0210420841683366,0.0110220440881763,0.0140280561122244,0.0110220440881763,0.0200400801603206,0.0050100200400801,0.0210420841683366,0.0100200400801603,0.0200400801603206,0.0210420841683366,0.0140280561122244,0.0290581162324649,0.0200400801603206,0.0120240480961923,0.0260521042084168,8.51,6.41,6.61,5.61,6.91,6.11,2.7,8.51,4.6,6.11,4.8,5.11,7.11,5.71,6.51,8.71,0,-1,0,1,12,1,0,-1,0,1,12,1,0.62,0.46
ENSG00000001617,0,0,1,0,0,0,1,0,1,0,0,0,0,0,1,0,1,0,0,0,0,0,1,0,1,0,0,0,0,0,1,0,0,0,1,0,1,0,0,0,1,0,0,0,0,0,1,0,1,0,0,0,0,0,1,0,0,0,1,0,0,0,1,0,1,0,0,0,0,0,1,0,1,0,0,0,1,0,0,0,0,0,1,0,1,0,0,0,0,0,1,0,1,0,0,0,0,0,1,0,0,0,1,0,0,0,1,0,0,0,1,0,1,0,0,0,0,0,1,0,1,0,0,0,1,0,0,0,0,0,1,0,0,0,1,0,1,0,0,0,1,0,0,0,0,0,1,0,0,0,1,0,1,0,0,0,0,0,1,0,1,0,0,0,0,0,1,0,0,0,1,0,0,1,0,0,1,0,0,0,0,0,1,0,1,0,0,0,0,0,1,0,0,0,1,0,0,0,1,0,1,0,0,0,0,0,1,0,1,0,0,0,1,0,0,0,0,0,1,0,1,0,0,0,0,0,1,0,0,0,1,0,1,0,0,0,0,0,1,0,1,0,0,0,1,0,0,0,1,0,0,0,0,0,1,0,0,0,1,0,1,0,0,0,1,0,0,0,1,0,0,0,0,0,1,0,1,0,0,0,0,0,1,0,0,0,1,0,1,0,0,0,0,0,1,0,1,0,0,0,1,0,0,0,1,0,0,0,0,0,1,0,1,0,0,0,0,0,1,0,0,0,1,0,1,0,0,0,0,0,1,0,0,0,1,0,0,0,1,0,0,1,0,0,1,0,0,0,0,1,0,0,1,0,0,0,0,0,1,0,1,0,0,0,1,0,0,0,0,0,1,0,1,0,0,0,0,1,0,0,1,0,0,0,0,0,1,0,1,0,0,0,1,0,0,0,0,1,0,0,1763.76,1565.96,316.0,67.4,32.6,6.6,1000,1.8702,0.0110220440881763,0.0050100200400801,0.0230460921843687,0.0070140280561122,0.0080160320641282,0.0090180360721442,0.0090180360721442,0.002004008016032,0.0310621242484969,0.0160320641282565,0.0440881763527054,0.0090180360721442,0.002004008016032,0.003006012024048,0.0100200400801603,0.0050100200400801,0.0060120240480961,0.0140280561122244,0.0240480961923847,0.0040080160320641,0.0170340681362725,0.0290581162324649,0.0200400801603206,0.0180360721442885,0.0070140280561122,0.0210420841683366,0.0350701402805611,0.003006012024048,0.0060120240480961,0.0110220440881763,0.0300601202404809,0.0050100200400801,0.0250501002004008,0.0090180360721442,0.0490981963927855,0.0050100200400801,0.0150300601202404,0.0350701402805611,0.033066132264529,0.0250501002004008,0.033066132264529,0.0521042084168336,0.0761523046092184,0.0230460921843687,0.0040080160320641,0.0130260521042084,0.0200400801603206,0.0060120240480961,0.0040080160320641,0.0,0.0040080160320641,0.0040080160320641,0.0080160320641282,0.0110220440881763,0.0040080160320641,0.0070140280561122,0.0170340681362725,0.0190380761523046,0.0280561122244488,0.0080160320641282,0.0,0.0040080160320641,0.0120240480961923,0.001002004008016,4.6,2.8,10.01,2.0,4.8,8.41,6.61,5.21,8.81,10.81,18.42,4.3,1.2,3.1,7.21,1.7,0,-1,0,1,84,1,1,4,4,1,84,1,3.87,2.9
ENSG00000001626,1,0,0,0,1,0,0,0,0,0,1,0,1,0,0,0,0,0,0,1,0,0,0,1,1,0,0,0,1,0,0,0,1,0,0,0,1,0,0,0,1,0,0,0,1,0,0,0,1,0,0,0,1,0,0,0,0,0,1,0,0,0,1,0,1,0,0,0,0,1,0,0,1,0,0,0,1,0,0,0,1,0,0,0,0,0,1,0,1,0,0,0,1,0,0,0,0,0,0,1,0,0,0,1,0,0,1,0,0,0,1,0,1,0,0,0,0,0,1,0,0,0,0,1,0,0,0,1,0,0,0,1,0,1,0,0,0,0,0,1,1,0,0,0,1,0,0,0,1,0,0,0,0,0,0,1,0,1,0,0,1,0,0,0,0,1,0,0,1,0,0,0,0,0,0,1,1,0,0,0,1,0,0,0,0,0,1,0,0,0,0,1,0,0,0,1,0,0,0,1,0,0,1,0,0,0,1,0,0,0,1,0,1,0,0,0,0,1,0,0,0,1,0,0,1,0,0,0,0,0,0,1,0,0,1,0,0,0,0,1,1,0,0,0,1,0,0,0,0,1,0,0,1,0,0,0,0,1,0,0,0,0,0,1,0,0,0,1,0,0,0,1,0,0,0,1,0,0,1,0,0,0,1,0,0,0,0,1,0,0,1,0,0,0,1,0,1,0,0,0,0,0,1,0,0,1,0,0,1,0,0,0,1,0,0,0,0,0,0,1,0,0,1,0,0,1,0,0,0,1,0,0,0,0,1,0,1,0,0,0,0,0,1,0,0,0,1,0,0,0,1,0,1,0,0,0,1,0,0,0,0,1,0,0,0,0,0,1,0,0,0,1,0,0,1,0,1,0,0,0,0,0,0,1,0,0,1,0,0,0,1,0,1,0,0,0,1,0,0,0,5246.34,5048.52,52.0,44.9,55.1,0.8,1000,1.9847,0.0260521042084168,0.0080160320641282,0.0180360721442885,0.0190380761523046,0.0200400801603206,0.0130260521042084,0.001002004008016,0.0210420841683366,0.0180360721442885,0.0130260521042084,0.0210420841683366,0.0130260521042084,0.0150300601202404,0.0140280561122244,0.0160320641282565,0.0210420841683366,0.0100200400801603,0.0240480961923847,0.0170340681362725,0.0240480961923847,0.0200400801603206,0.0240480961923847,0.0050100200400801,0.0220440881763527,0.001002004008016,0.002004008016032,0.0040080160320641,0.001002004008016,0.0160320641282565,0.0430861723446893,0.0240480961923847,0.0170340681362725,0.0110220440881763,0.0160320641282565,0.0180360721442885,0.0090180360721442,0.0140280561122244,0.0080160320641282,0.0,0.0110220440881763,0.0220440881763527,0.0120240480961923,0.0130260521042084,0.0100200400801603,0.0090180360721442,0.0150300601202404,0.0070140280561122,0.0180360721442885,0.0230460921843687,0.0070140280561122,0.0120240480961923,0.0140280561122244,0.0210420841683366,0.0260521042084168,0.002004008016032,0.0460921843687374,0.0130260521042084,0.0070140280561122,0.0190380761523046,0.0250501002004008,0.0160320641282565,0.0230460921843687,0.0170340681362725,0.0230460921843687,7.11,5.51,6.51,6.61,7.51,7.11,0.8,10.01,5.41,3.4,5.71,4.9,5.61,9.51,6.41,7.91,0,-1,0,0,-1,0,0,-1,0,0,-1,0,0.2,0.15
ENSG00000001629,0,1,0,0,1,0,0,0,0,0,0,1,0,0,0,1,0,0,0,1,1,0,0,0,0,0,1,0,0,0,0,1,0,0,1,0,0,0,0,1,0,1,0,0,0,1,0,0,1,0,0,0,0,0,0,1,0,0,1,0,0,0,1,0,1,0,0,0,1,0,0,0,0,1,0,0,1,0,0,0,0,0,1,0,0,0,1,0,0,0,0,1,0,0,0,1,0,0,0,1,0,0,1,0,0,1,0,0,0,0,0,1,1,0,0,0,1,0,0,0,0,1,0,0,1,0,0,0,0,0,0,1,0,1,0,0,0,1,0,0,0,0,0,1,0,1,0,0,0,0,0,1,0,0,0,1,1,0,0,0,0,0,1,0,0,0,0,1,1,0,0,0,0,0,0,1,0,0,1,0,0,1,0,0,0,0,0,1,1,0,0,0,0,0,1,0,1,0,0,0,0,1,0,0,1,0,0,0,0,0,1,0,0,1,0,0,0,0,1,0,0,0,0,1,0,0,0,1,0,0,0,1,0,0,1,0,0,1,0,0,1,0,0,0,1,0,0,0,1,0,0,0,0,1,0,0,1,0,0,0,0,0,1,0,1,0,0,0,1,0,0,0,1,0,0,0,0,1,0,0,0,0,0,1,0,0,1,0,0,0,0,1,1,0,0,0,1,0,0,0,1,0,0,0,0,0,1,0,0,0,1,0,0,1,0,0,1,0,0,0,0,1,0,0,1,0,0,0,0,0,0,1,1,0,0,0,0,0,0,1,0,0,1,0,0,1,0,0,1,0,0,0,0,1,0,0,0,0,0,1,0,1,0,0,0,1,0,0,1,0,0,0,0,0,1,0,1,0,0,0,1,0,0,0,0,0,1,0,0,0,1,0,0,0,1,0,0,0,0,1,5635.25,5437.42,11186.0,53.3,46.7,4.1,1000,1.9916,0.0470941883767535,0.0150300601202404,0.0200400801603206,0.0100200400801603,0.0150300601202404,0.0230460921843687,0.0050100200400801,0.0130260521042084,0.0210420841683366,0.0140280561122244,0.0180360721442885,0.0160320641282565,0.0040080160320641,0.0050100200400801,0.0150300601202404,0.0040080160320641,0.0130260521042084,0.0230460921843687,0.0180360721442885,0.0090180360721442,0.0200400801603206,0.032064128256513,0.0190380761523046,0.034068136272545,0.0090180360721442,0.0140280561122244,0.0070140280561122,0.0110220440881763,0.0110220440881763,0.032064128256513,0.0220440881763527,0.0190380761523046,0.0210420841683366,0.0090180360721442,0.0230460921843687,0.0050100200400801,0.0120240480961923,0.0170340681362725,0.0100200400801603,0.0200400801603206,0.0130260521042084,0.0160320641282565,0.0220440881763527,0.0160320641282565,0.0090180360721442,0.0150300601202404,0.0150300601202404,0.0150300601202404,0.0110220440881763,0.0090180360721442,0.0080160320641282,0.0040080160320641,0.0150300601202404,0.034068136272545,0.0070140280561122,0.0170340681362725,0.0150300601202404,0.0150300601202404,0.0200400801603206,0.0110220440881763,0.0080160320641282,0.0210420841683366,0.0090180360721442,0.0180360721442885,9.21,5.61,6.91,2.8,6.31,10.61,4.1,8.41,5.81,5.91,6.71,5.41,3.2,7.31,6.11,5.61,0,-1,0,0,-1,0,0,-1,0,0,-1,0,39.45,29.57
ENSG00000001630,0,0,1,0,1,0,0,0,1,0,0,0,0,1,0,0,1,0,0,0,1,0,0,0,1,0,0,0,0,0,1,0,0,0,1,0,0,1,0,0,1,0,0,0,0,0,1,0,0,0,0,1,1,0,0,0,1,0,0,0,1,0,0,0,0,0,0,1,0,0,0,1,1,0,0,0,0,1,0,0,0,0,0,1,0,1,0,0,0,0,0,1,0,0,0,1,1,0,0,0,0,1,0,0,1,0,0,0,0,0,0,1,0,0,0,1,0,0,0,1,0,0,1,0,0,0,0,1,0,0,0,1,1,0,0,0,0,1,0,0,1,0,0,0,0,1,0,0,0,1,0,0,1,0,0,0,0,0,0,1,1,0,0,0,0,0,0,1,0,0,1,0,0,0,0,1,0,1,0,0,0,0,0,1,0,0,0,1,1,0,0,0,0,1,0,0,0,0,1,0,0,0,0,1,0,1,0,0,0,1,0,0,0,0,0,1,0,0,0,1,0,0,1,0,0,0,1,0,0,0,1,0,1,0,0,0,1,0,0,0,0,0,0,1,1,0,0,0,0,1,0,0,1,0,0,0,0,0,0,1,0,0,1,0,0,1,0,0,0,0,0,1,0,0,0,1,0,0,0,1,0,0,0,1,0,0,1,0,0,0,0,1,1,0,0,0,1,0,0,0,0,1,0,0,1,0,0,0,0,1,0,0,0,0,0,1,0,0,0,1,0,0,1,0,0,1,0,0,0,0,0,1,1,0,0,0,1,0,0,0,0,0,0,1,0,1,0,0,1,0,0,0,0,0,1,0,0,0,0,1,0,0,0,1,0,0,0,1,0,0,0,1,0,0,1,0,0,0,0,1,0,0,1,0,1,0,0,0,0,1,0,0,0,0,0,1,0,0,0,1,3149.73,2951.91,2129.88,48.1,51.9,4.1,1000,1.9986,0.0220440881763527,0.0160320641282565,0.0150300601202404,0.0200400801603206,0.0180360721442885,0.0150300601202404,0.0110220440881763,0.0140280561122244,0.0100200400801603,0.0120240480961923,0.0240480961923847,0.0150300601202404,0.0180360721442885,0.0090180360721442,0.0110220440881763,0.0220440881763527,0.0110220440881763,0.0130260521042084,0.0190380761523046,0.0160320641282565,0.0110220440881763,0.0230460921843687,0.0100200400801603,0.0220440881763527,0.0080160320641282,0.0130260521042084,0.0110220440881763,0.0090180360721442,0.0160320641282565,0.0180360721442885,0.0140280561122244,0.0250501002004008,0.0190380761523046,0.0110220440881763,0.0140280561122244,0.0110220440881763,0.0110220440881763,0.0140280561122244,0.0110220440881763,0.0210420841683366,0.0210420841683366,0.0180360721442885,0.0230460921843687,0.0140280561122244,0.0100200400801603,0.0140280561122244,0.0180360721442885,0.0110220440881763,0.0210420841683366,0.0180360721442885,0.0130260521042084,0.0130260521042084,0.0190380761523046,0.0140280561122244,0.0090180360721442,0.0160320641282565,0.0150300601202404,0.0140280561122244,0.0180360721442885,0.0150300601202404,0.0210420841683366,0.0180360721442885,0.0190380761523046,0.0230460921843687,7.31,5.81,6.11,6.01,5.91,6.61,4.1,7.31,5.51,5.71,7.61,5.31,6.51,5.91,6.21,8.11,0,-1,0,0,-1,0,1,27,1,0,-1,0,13.83,10.37
ENSG00000001631,0,0,0,1,1,0,0,0,0,0,0,1,0,0,1,0,0,1,0,0,0,1,0,0,1,0,0,0,0,0,0,1,0,0,0,1,0,1,0,0,0,1,0,0,0,0,1,0,0,0,0,1,0,0,1,0,0,0,0,1,0,0,1,0,1,0,0,0,1,0,0,0,0,0,0,1,1,0,0,0,0,0,1,0,1,0,0,0,0,0,1,0,0,1,0,0,0,0,0,1,0,0,0,1,0,0,1,0,0,0,1,0,0,0,1,0,1,0,0,0,0,0,1,0,1,0,0,0,0,1,0,0,0,0,0,1,1,0,0,0,1,0,0,0,0,0,0,1,0,0,0,1,0,1,0,0,0,0,0,1,0,1,0,0,1,0,0,0,1,0,0,0,1,0,0,0,1,0,0,0,0,0,0,1,0,1,0,0,0,0,0,1,0,1,0,0,0,1,0,0,0,0,0,1,0,1,0,0,1,0,0,0,0,0,1,0,0,0,1,0,1,0,0,0,0,0,1,0,1,0,0,0,0,0,0,1,0,0,1,0,0,1,0,0,0,0,0,1,0,0,0,1,0,0,0,1,1,0,0,0,0,0,0,1,0,0,0,1,1,0,0,0,0,1,0,0,1,0,0,0,0,0,1,0,0,1,0,0,0,0,0,1,0,1,0,0,0,0,0,1,1,0,0,0,0,0,1,0,0,0,0,1,0,0,0,1,0,0,0,1,0,1,0,0,1,0,0,0,1,0,0,0,0,0,0,1,0,0,0,1,0,0,0,1,0,1,0,0,0,1,0,0,0,0,0,1,0,0,1,0,0,1,0,0,0,0,1,0,1,0,0,0,0,1,0,0,0,0,0,1,0,1,0,0,1,0,0,0,1,0,0,0,1,0,0,0,0,1,0,0,1796.07,1598.29,4243.43,59.8,40.2,6.0,1000,1.9682,0.0180360721442885,0.0090180360721442,0.0160320641282565,0.0110220440881763,0.0230460921843687,0.0120240480961923,0.0070140280561122,0.0130260521042084,0.0270541082164328,0.0220440881763527,0.0290581162324649,0.0040080160320641,0.0060120240480961,0.0100200400801603,0.0110220440881763,0.0060120240480961,0.0150300601202404,0.0170340681362725,0.0270541082164328,0.0100200400801603,0.0160320641282565,0.032064128256513,0.0260521042084168,0.0190380761523046,0.0090180360721442,0.0240480961923847,0.0210420841683366,0.0060120240480961,0.0070140280561122,0.032064128256513,0.0210420841683366,0.0120240480961923,0.0170340681362725,0.0170340681362725,0.0300601202404809,0.0090180360721442,0.0140280561122244,0.0300601202404809,0.0190380761523046,0.0230460921843687,0.0280561122244488,0.0220440881763527,0.0380761523046092,0.0190380761523046,0.0090180360721442,0.0050100200400801,0.0150300601202404,0.0070140280561122,0.0040080160320641,0.0120240480961923,0.0090180360721442,0.003006012024048,0.0160320641282565,0.0190380761523046,0.0080160320641282,0.0170340681362725,0.0090180360721442,0.0190380761523046,0.0190380761523046,0.0070140280561122,0.0050100200400801,0.0130260521042084,0.0070140280561122,0.0110220440881763,5.41,5.51,8.21,3.3,6.91,9.31,6.01,7.21,7.31,8.71,10.71,3.6,2.8,6.01,5.41,3.6,0,-1,0,0,-1,0,1,60,1,1,11,1,50.91,38.16
ENSG00000002016,0,1,0,0,0,0,1,0,0,0,1,0,0,0,1,0,0,0,0,1,0,0,1,0,1,0,0,0,0,0,1,0,0,0,1,0,1,0,0,0,1,0,0,0,0,1,0,0,0,0,0,1,0,0,1,0,0,0,1,0,0,0,1,0,1,0,0,0,1,0,0,0,0,0,1,0,0,1,0,0,0,0,1,0,0,0,1,0,0,0,1,0,0,0,1,0,0,0,1,0,1,0,0,0,1,0,0,0,1,0,0,0,0,0,0,1,0,1,0,0,0,0,1,0,0,0,1,0,0,1,0,0,0,0,1,0,0,1,0,0,0,1,0,0,1,0,0,0,0,1,0,0,0,0,1,0,0,0,1,0,0,1,0,0,0,0,1,0,0,0,1,0,0,0,0,1,0,1,0,0,0,0,1,0,1,0,0,0,0,0,0,1,0,0,0,1,1,0,0,0,0,0,1,0,0,1,0,0,1,0,0,0,0,1,0,0,0,1,0,0,0,0,1,0,1,0,0,0,1,0,0,0,1,0,0,0,0,1,0,0,1,0,0,0,0,0,1,0,1,0,0,0,0,0,1,0,0,0,0,1,0,0,1,0,1,0,0,0,0,0,0,1,0,0,1,0,0,0,1,0,0,0,1,0,0,1,0,0,0,0,1,0,0,1,0,0,0,0,1,0,0,0,1,0,1,0,0,0,0,0,1,0,0,1,0,0,0,0,1,0,0,0,0,1,0,1,0,0,0,1,0,0,0,1,0,0,0,0,0,1,0,0,1,0,0,1,0,0,1,0,0,0,0,1,0,0,1,0,0,0,0,1,0,0,1,0,0,0,0,1,0,0,1,0,0,0,0,1,0,0,1,0,0,0,0,1,0,0,1,0,0,0,0,1,0,0,1,0,0,0,1378.82,1181.06,1130.3,56.2,43.8,7.5,1000,1.9869,0.0140280561122244,0.0100200400801603,0.0140280561122244,0.0130260521042084,0.0190380761523046,0.0140280561122244,0.0120240480961923,0.0120240480961923,0.0100200400801603,0.0280561122244488,0.0100200400801603,0.0090180360721442,0.0050100200400801,0.0090180360721442,0.0050100200400801,0.0180360721442885,0.0080160320641282,0.0270541082164328,0.0160320641282565,0.0100200400801603,0.0200400801603206,0.0240480961923847,0.0200400801603206,0.0200400801603206,0.0120240480961923,0.0250501002004008,0.0260521042084168,0.0120240480961923,0.0070140280561122,0.0170340681362725,0.0230460921843687,0.0170340681362725,0.0140280561122244,0.0130260521042084,0.0190380761523046,0.0070140280561122,0.0130260521042084,0.0280561122244488,0.0260521042084168,0.0220440881763527,0.0240480961923847,0.0190380761523046,0.0310621242484969,0.0120240480961923,0.0050100200400801,0.0120240480961923,0.0200400801603206,0.0120240480961923,0.0150300601202404,0.0070140280561122,0.0080160320641282,0.0070140280561122,0.0090180360721442,0.0180360721442885,0.0160320641282565,0.0110220440881763,0.0070140280561122,0.0170340681362725,0.0190380761523046,0.0160320641282565,0.0200400801603206,0.0160320641282565,0.0110220440881763,0.0380761523046092,5.11,5.71,5.71,3.7,6.11,8.41,7.51,6.51,5.31,8.91,8.61,4.9,3.7,5.41,5.91,8.51,0,-1,0,0,-1,0,0,-1,0,1,51,3,18.35,13.76
ENSG00000002330,0,0,1,0,0,0,1,0,0,0,0,1,0,0,0,1,1,0,0,0,0,1,0,0,0,0,1,0,0,0,1,0,0,0,1,0,1,0,0,0,0,0,1,0,0,0,1,0,0,1,0,0,0,0,1,0,0,0,1,0,0,1,0,0,1,0,0,0,0,0,1,0,0,0,1,0,1,0,0,0,0,0,1,0,0,0,1,0,0,0,1,0,0,1,0,0,0,0,1,0,0,0,1,0,0,1,0,0,0,1,0,0,0,0,1,0,1,0,0,0,0,0,1,0,0,0,0,1,0,0,0,1,0,0,1,0,0,1,0,0,0,0,1,0,0,0,1,0,0,0,1,0,0,0,1,0,0,0,1,0,0,1,0,0,0,1,0,0,0,0,1,0,0,0,0,1,0,0,1,0,0,1,0,0,0,1,0,0,0,0,1,0,0,1,0,0,1,0,0,0,0,0,0,1,0,1,0,0,0,1,0,0,1,0,0,0,0,0,1,0,0,0,1,0,0,0,1,0,0,0,1,0,0,0,1,0,0,0,0,1,0,1,0,0,0,1,0,0,0,1,0,0,0,1,0,0,0,0,1,0,0,0,1,0,0,0,1,0,0,0,0,1,0,0,1,0,0,0,1,0,0,0,1,0,0,1,0,0,0,1,0,0,0,0,1,0,0,0,0,1,0,0,1,0,0,1,0,0,0,1,0,0,0,1,0,0,0,1,0,0,0,0,1,0,0,0,0,1,0,0,1,0,0,1,0,0,0,1,0,0,0,0,1,0,0,1,0,0,0,1,0,0,0,1,0,0,0,0,1,0,0,1,0,0,0,1,0,0,0,0,0,1,0,0,0,1,0,0,0,1,1,0,0,0,0,1,0,0,0,0,0,1,0,0,0,1,0,0,1,0,897.98,700.16,993.0,69.2,30.8,8.9,1000,1.8905,0.0090180360721442,0.0060120240480961,0.0130260521042084,0.0080160320641282,0.0070140280561122,0.0100200400801603,0.0090180360721442,0.0100200400801603,0.0080160320641282,0.0170340681362725,0.0270541082164328,0.0100200400801603,0.0040080160320641,0.0110220440881763,0.0060120240480961,0.002004008016032,0.0110220440881763,0.0150300601202404,0.0190380761523046,0.0040080160320641,0.0240480961923847,0.0681362725450901,0.0460921843687374,0.0240480961923847,0.0120240480961923,0.0290581162324649,0.0400801603206412,0.0080160320641282,0.0050100200400801,0.0200400801603206,0.0150300601202404,0.0130260521042084,0.0120240480961923,0.0100200400801603,0.0280561122244488,0.0070140280561122,0.0090180360721442,0.0490981963927855,0.0280561122244488,0.0110220440881763,0.0260521042084168,0.0400801603206412,0.0571142284569138,0.0170340681362725,0.003006012024048,0.0120240480961923,0.0160320641282565,0.0120240480961923,0.0040080160320641,0.0050100200400801,0.002004008016032,0.0040080160320641,0.0090180360721442,0.0350701402805611,0.0060120240480961,0.0080160320641282,0.0110220440881763,0.0120240480961923,0.0150300601202404,0.0080160320641282,0.003006012024048,0.0150300601202404,0.0090180360721442,0.0050100200400801,3.6,3.6,6.21,2.3,4.9,16.22,8.91,5.31,5.71,9.81,14.01,4.3,1.5,5.81,4.6,3.2,0,-1,0,0,-1,0,1,1,1,0,-1,0,27.19,20.39
ENSG00000002549,0,0,0,1,0,0,1,0,1,0,0,0,0,1,0,0,0,0,0,1,0,0,0,1,0,0,1,0,0,1,0,0,0,0,0,1,1,0,0,0,0,0,0,1,0,0,1,0,0,0,0,1,0,0,1,0,0,1,0,0,1,0,0,0,0,1,0,0,0,0,1,0,1,0,0,0,0,0,1,0,0,0,0,1,0,1,0,0,1,0,0,0,1,0,0,0,0,1,0,0,0,0,1,0,1,0,0,0,1,0,0,0,0,1,0,0,0,1,0,0,0,0,0,1,1,0,0,0,1,0,0,0,0,0,0,1,1,0,0,0,0,0,1,0,0,0,0,1,0,0,1,0,0,0,0,1,0,0,0,1,1,0,0,0,0,1,0,0,1,0,0,0,0,0,0,1,0,1,0,0,1,0,0,0,0,0,0,1,0,0,0,1,0,0,0,1,0,0,0,1,0,1,0,0,1,0,0,0,1,0,0,0,1,0,0,0,1,0,0,0,1,0,0,0,0,1,0,0,1,0,0,0,0,0,1,0,0,0,0,1,1,0,0,0,0,0,0,1,0,0,0,1,0,0,0,1,1,0,0,0,0,1,0,0,1,0,0,0,0,1,0,0,0,1,0,0,0,0,1,0,0,0,0,1,0,0,0,1,0,0,1,0,0,1,0,0,1,0,0,0,0,1,0,0,0,1,0,0,0,0,0,1,0,0,1,0,0,0,0,1,0,0,1,0,0,0,1,0,1,0,0,0,1,0,0,0,0,1,0,0,1,0,0,0,0,0,1,0,1,0,0,0,0,0,0,1,0,0,1,0,1,0,0,0,1,0,0,0,1,0,0,0,0,0,1,0,0,0,1,0,1,0,0,0,0,1,0,0,1,0,0,0,0,1,0,0,0,0,1,0,1895.71,1697.88,2674.0,54.6,45.4,6.0,1000,1.9813,0.0480961923847695,0.0250501002004008,0.0120240480961923,0.0110220440881763,0.0210420841683366,0.0130260521042084,0.0110220440881763,0.0240480961923847,0.0150300601202404,0.0200400801603206,0.0220440881763527,0.0150300601202404,0.0060120240480961,0.0120240480961923,0.0060120240480961,0.0080160320641282,0.0250501002004008,0.0210420841683366,0.0280561122244488,0.0080160320641282,0.0220440881763527,0.0260521042084168,0.0200400801603206,0.0150300601202404,0.0150300601202404,0.0220440881763527,0.0140280561122244,0.0090180360721442,0.0160320641282565,0.0230460921843687,0.0150300601202404,0.0090180360721442,0.0120240480961923,0.0130260521042084,0.0270541082164328,0.0060120240480961,0.0190380761523046,0.0280561122244488,0.0170340681362725,0.0140280561122244,0.0170340681362725,0.0220440881763527,0.0140280561122244,0.0150300601202404,0.0060120240480961,0.0130260521042084,0.0220440881763527,0.0110220440881763,0.0110220440881763,0.0100200400801603,0.0050100200400801,0.0070140280561122,0.0200400801603206,0.0160320641282565,0.0120240480961923,0.0100200400801603,0.0110220440881763,0.0150300601202404,0.0180360721442885,0.0130260521042084,0.0050100200400801,0.0100200400801603,0.0130260521042084,0.0090180360721442,9.61,6.91,7.21,3.2,8.21,8.31,6.01,6.31,5.81,7.91,6.81,5.21,3.3,5.81,5.71,3.7,0,-1,0,0,-1,0,0,-1,0,1,49,1,30.2,22.64
ENSG00000002586,0,1,0,0,0,0,1,0,0,1,0,0,0,0,1,0,0,0,1,0,0,0,1,0,1,0,0,0,0,0,1,0,0,0,1,0,0,0,1,0,0,0,0,1,0,0,1,0,0,0,0,1,0,1,0,0,0,0,0,1,1,0,0,0,1,0,0,0,1,0,0,0,0,1,0,0,0,0,0,1,0,1,0,0,1,0,0,0,1,0,0,0,1,0,0,0,0,0,1,0,0,1,0,0,0,1,0,0,0,1,0,0,1,0,0,0,0,1,0,0,0,0,0,1,0,0,1,0,0,0,1,0,1,0,0,0,1,0,0,0,0,0,1,0,0,0,1,0,0,1,0,0,0,0,1,0,1,0,0,0,0,0,1,0,0,0,0,1,0,1,0,0,0,0,1,0,0,1,0,0,0,1,0,0,0,1,0,0,1,0,0,0,0,0,0,1,0,0,1,0,1,0,0,0,0,1,0,0,0,1,0,0,1,0,0,0,0,0,1,0,0,0,1,0,1,0,0,0,0,1,0,0,0,0,0,1,1,0,0,0,0,0,1,0,0,0,1,0,0,0,1,0,0,1,0,0,0,1,0,0,0,1,0,0,1,0,0,0,0,0,1,0,0,0,1,0,0,0,0,1,0,0,1,0,0,1,0,0,0,1,0,0,0,1,0,0,0,1,0,0,1,0,0,0,0,0,1,0,1,0,0,0,0,0,0,1,1,0,0,0,0,0,1,0,1,0,0,0,1,0,0,0,0,0,1,0,0,0,1,0,0,1,0,0,1,0,0,0,0,1,0,0,0,1,0,0,0,0,0,1,0,1,0,0,0,0,1,0,0,0,0,1,0,0,0,1,0,1,0,0,0,1,0,0,0,1,0,0,0,0,0,1,1,0,0,0,0,0,0,1,1129.24,931.42,1980.5,65.2,34.8,6.0,1000,1.9261,0.0070140280561122,0.0070140280561122,0.0150300601202404,0.0,0.0040080160320641,0.0130260521042084,0.0050100200400801,0.0190380761523046,0.0170340681362725,0.0110220440881763,0.0400801603206412,0.0130260521042084,0.002004008016032,0.0,0.002004008016032,0.0050100200400801,0.0060120240480961,0.0150300601202404,0.0240480961923847,0.0040080160320641,0.0200400801603206,0.0501002004008016,0.0190380761523046,0.0240480961923847,0.0050100200400801,0.0210420841683366,0.0210420841683366,0.0130260521042084,0.0140280561122244,0.0210420841683366,0.0250501002004008,0.0120240480961923,0.0120240480961923,0.0100200400801603,0.034068136272545,0.003006012024048,0.0210420841683366,0.0230460921843687,0.0250501002004008,0.0210420841683366,0.0290581162324649,0.0370741482965931,0.0781563126252505,0.0120240480961923,0.0050100200400801,0.0110220440881763,0.0190380761523046,0.0170340681362725,0.0040080160320641,0.0090180360721442,0.0080160320641282,0.002004008016032,0.0040080160320641,0.0270541082164328,0.0100200400801603,0.0080160320641282,0.0080160320641282,0.0210420841683366,0.0170340681362725,0.0150300601202404,0.002004008016032,0.0170340681362725,0.0150300601202404,0.0200400801603206,2.9,4.1,8.11,0.9,4.9,11.31,6.01,7.21,5.91,9.01,15.62,5.31,2.3,4.9,6.11,5.41,0,-1,0,0,-1,0,0,-1,0,0,-1,0,40.77,30.57
ENSG00000002587,0,1,0,0,0,1,0,0,1,0,0,0,1,0,0,0,0,1,0,0,0,0,0,1,0,0,0,1,1,0,0,0,0,0,1,0,1,0,0,0,0,0,1,0,0,1,0,0,1,0,0,0,0,0,0,1,0,0,0,1,1,0,0,0,1,0,0,0,1,0,0,0,1,0,0,0,0,1,0,0,0,1,0,0,1,0,0,0,0,1,0,0,0,1,0,0,0,1,0,0,0,1,0,0,0,0,1,0,0,0,0,1,1,0,0,0,0,0,0,1,0,0,0,1,0,0,0,1,0,0,0,1,0,0,1,0,1,0,0,0,1,0,0,0,0,0,1,0,0,0,1,0,1,0,0,0,0,1,0,0,0,0,0,1,0,1,0,0,1,0,0,0,0,0,0,1,0,0,1,0,1,0,0,0,0,0,0,1,0,1,0,0,0,0,0,1,0,0,1,0,0,1,0,0,1,0,0,0,0,1,0,0,0,0,0,1,0,0,1,0,0,0,0,1,0,0,1,0,0,1,0,0,0,0,0,1,0,0,0,1,0,0,1,0,0,0,1,0,0,1,0,0,0,0,0,1,0,0,1,0,0,1,0,0,0,0,0,1,0,0,1,0,0,0,1,0,0,0,0,1,0,0,1,0,0,0,1,0,1,0,0,0,1,0,0,0,0,0,1,0,0,1,0,0,0,0,0,1,0,0,0,1,1,0,0,0,1,0,0,0,1,0,0,0,0,0,1,0,1,0,0,0,0,1,0,0,1,0,0,0,0,1,0,0,0,1,0,0,1,0,0,0,0,0,1,0,0,0,0,1,1,0,0,0,1,0,0,0,0,0,0,1,0,0,0,1,0,0,1,0,0,0,1,0,0,1,0,0,1,0,0,0,0,0,1,0,1,0,0,0,4929.57,4731.79,57.0,39.6,60.4,1.8,1000,1.9683,0.0691382765531062,0.0170340681362725,0.0240480961923847,0.0260521042084168,0.0160320641282565,0.0130260521042084,0.0040080160320641,0.0150300601202404,0.0170340681362725,0.0130260521042084,0.0170340681362725,0.0140280561122244,0.0100200400801603,0.0100200400801603,0.0140280561122244,0.0270541082164328,0.0210420841683366,0.0140280561122244,0.0150300601202404,0.0100200400801603,0.0140280561122244,0.0110220440881763,0.0070140280561122,0.0190380761523046,0.0040080160320641,0.0050100200400801,0.0040080160320641,0.0050100200400801,0.0120240480961923,0.0160320641282565,0.0170340681362725,0.0280561122244488,0.0200400801603206,0.0120240480961923,0.0100200400801603,0.0070140280561122,0.0130260521042084,0.0070140280561122,0.0060120240480961,0.0210420841683366,0.0130260521042084,0.0150300601202404,0.0140280561122244,0.0110220440881763,0.0110220440881763,0.0070140280561122,0.0130260521042084,0.0120240480961923,0.0260521042084168,0.0050100200400801,0.0120240480961923,0.0180360721442885,0.0170340681362725,0.0190380761523046,0.001002004008016,0.0180360721442885,0.0150300601202404,0.0150300601202404,0.0180360721442885,0.0130260521042084,0.0280561122244488,0.0220440881763527,0.0170340681362725,0.0541082164328657,13.61,4.8,6.11,6.11,6.01,5.11,1.8,7.31,4.9,4.8,5.31,4.3,6.11,5.51,6.11,12.11,0,-1,0,0,-1,0,0,-1,0,0,-1,0,0.23,0.17
ENSG00000002726,0,0,0,1,0,0,0,1,0,0,0,1,0,0,1,0,0,1,0,0,0,0,0,1,0,0,1,0,0,1,0,0,0,0,0,1,0,0,0,1,0,0,0,1,0,0,1,0,0,1,0,0,0,0,0,1,1,0,0,0,0,0,0,1,0,1,0,0,0,0,0,1,0,0,1,0,0,0,0,1,0,0,1,0,0,0,0,1,0,0,1,0,0,0,0,1,1,0,0,0,0,0,0,1,0,1,0,0,0,0,0,1,0,1,0,0,0,0,1,0,0,0,0,1,0,1,0,0,0,1,0,0,1,0,0,0,1,0,0,0,0,0,0,1,0,0,0,1,0,1,0,0,0,0,0,1,0,0,0,1,0,1,0,0,0,0,1,0,0,0,1,0,0,0,0,1,0,1,0,0,1,0,0,0,0,0,1,0,0,0,1,0,1,0,0,0,0,1,0,0,1,0,0,0,0,1,0,0,0,0,0,1,1,0,0,0,1,0,0,0,0,0,1,0,1,0,0,0,0,0,1,0,0,1,0,0,0,1,0,0,0,0,0,1,0,0,1,0,0,0,1,0,1,0,0,0,0,0,1,0,0,1,0,0,0,0,0,1,0,0,1,0,0,1,0,0,1,0,0,0,0,1,0,0,1,0,0,0,0,0,1,0,0,1,0,0,1,0,0,0,0,1,0,0,0,1,0,0,1,0,0,0,0,0,0,1,0,1,0,0,0,0,0,1,0,0,1,0,0,0,1,0,0,0,0,1,1,0,0,0,1,0,0,0,0,1,0,0,1,0,0,0,0,1,0,0,0,0,0,1,0,0,0,1,0,0,0,1,0,1,0,0,1,0,0,0,1,0,0,0,0,0,1,0,1,0,0,0,1,0,0,0,0,0,1,0,1,0,0,0,2453.0,2255.18,1.0,46.1,53.9,1.7,1000,1.9941,0.033066132264529,0.0280561122244488,0.0190380761523046,0.0180360721442885,0.0210420841683366,0.0160320641282565,0.0050100200400801,0.0170340681362725,0.0210420841683366,0.0190380761523046,0.0180360721442885,0.0160320641282565,0.0110220440881763,0.0100200400801603,0.0160320641282565,0.0180360721442885,0.0250501002004008,0.0170340681362725,0.0210420841683366,0.0200400801603206,0.0300601202404809,0.0180360721442885,0.0040080160320641,0.0130260521042084,0.002004008016032,0.0050100200400801,0.0090180360721442,0.001002004008016,0.0120240480961923,0.0140280561122244,0.0220440881763527,0.0190380761523046,0.0230460921843687,0.0060120240480961,0.0210420841683366,0.0080160320641282,0.0180360721442885,0.0160320641282565,0.0050100200400801,0.0220440881763527,0.0170340681362725,0.0120240480961923,0.0150300601202404,0.0140280561122244,0.0110220440881763,0.0110220440881763,0.0180360721442885,0.0110220440881763,0.0170340681362725,0.0080160320641282,0.0130260521042084,0.0090180360721442,0.0140280561122244,0.0150300601202404,0.003006012024048,0.0160320641282565,0.0180360721442885,0.0250501002004008,0.0160320641282565,0.0200400801603206,0.0130260521042084,0.0130260521042084,0.0230460921843687,0.0290581162324649,9.81,5.91,7.41,5.51,8.31,6.51,1.7,6.81,5.81,6.11,5.81,5.11,4.7,4.8,7.91,7.81,0,-1,0,0,-1,0,0,-1,0,0,-1,0,0.01,0.01
ENSG00000002745,1,0,0,0,0,1,0,0,0,1,0,0,1,0,0,0,1,0,0,0,0,0,0,1,0,0,1,0,0,1,0,0,1,0,0,0,1,0,0,0,1,0,0,0,0,1,0,0,0,0,0,1,0,0,0,1,0,0,1,0,0,1,0,0,1,0,0,0,0,0,1,0,0,0,0,1,0,1,0,0,1,0,0,0,0,0,0,1,1,0,0,0,0,0,0,1,0,0,1,0,0,0,1,0,0,0,0,1,0,0,1,0,1,0,0,0,0,0,0,1,0,0,0,1,0,0,0,1,0,0,0,1,0,1,0,0,0,0,0,1,0,0,0,1,1,0,0,0,1,0,0,0,0,1,0,0,1,0,0,0,0,0,0,1,0,1,0,0,1,0,0,0,0,1,0,0,0,0,0,1,1,0,0,0,0,0,1,0,0,0,0,1,0,1,0,0,1,0,0,0,1,0,0,0,1,0,0,0,1,0,0,0,0,0,0,1,0,1,0,0,0,0,0,1,1,0,0,0,0,0,1,0,0,0,1,0,0,1,0,0,1,0,0,0,0,0,1,0,0,1,0,0,0,0,0,1,0,0,1,0,0,0,1,0,0,0,1,0,0,1,0,0,0,0,0,1,0,1,0,0,1,0,0,0,0,0,1,0,1,0,0,0,0,0,0,1,0,1,0,0,1,0,0,0,0,0,0,1,0,0,1,0,1,0,0,0,1,0,0,0,1,0,0,0,0,0,0,1,0,0,1,0,1,0,0,0,0,1,0,0,1,0,0,0,0,0,0,1,1,0,0,0,1,0,0,0,0,0,0,1,1,0,0,0,0,0,0,1,0,0,0,1,1,0,0,0,0,0,1,0,0,1,0,0,0,0,0,1,0,1,0,0,0,0,0,1,0,1,0,0,2188.5,1990.68,0.0,38.0,62.0,1.1,1000,1.9466,0.0490981963927855,0.0120240480961923,0.0170340681362725,0.0360721442885771,0.0350701402805611,0.0110220440881763,0.002004008016032,0.0140280561122244,0.0200400801603206,0.0120240480961923,0.0070140280561122,0.0190380761523046,0.0270541082164328,0.0160320641282565,0.0260521042084168,0.0280561122244488,0.0230460921843687,0.0310621242484969,0.0180360721442885,0.0200400801603206,0.0180360721442885,0.0200400801603206,0.002004008016032,0.0160320641282565,0.003006012024048,0.0050100200400801,0.001002004008016,0.002004008016032,0.0070140280561122,0.0220440881763527,0.0170340681362725,0.0190380761523046,0.0170340681362725,0.0100200400801603,0.0100200400801603,0.0180360721442885,0.0130260521042084,0.0050100200400801,0.0050100200400801,0.0150300601202404,0.0070140280561122,0.0050100200400801,0.0040080160320641,0.0070140280561122,0.0100200400801603,0.0110220440881763,0.0080160320641282,0.0100200400801603,0.0250501002004008,0.0080160320641282,0.0130260521042084,0.0230460921843687,0.0260521042084168,0.0200400801603206,0.002004008016032,0.0200400801603206,0.0250501002004008,0.0160320641282565,0.0110220440881763,0.0110220440881763,0.0250501002004008,0.0200400801603206,0.0120240480961923,0.0310621242484969,11.41,6.21,5.81,9.71,9.21,5.61,1.1,6.51,5.51,3.8,2.3,3.9,6.91,6.91,6.31,8.81,0,-1,0,0,-1,0,0,-1,0,1,64,1,0.0,0.0
ENSG00000002746,0,1,0,0,1,0,0,0,0,0,1,0,0,0,1,0,0,0,0,1,0,1,0,0,1,0,0,0,0,0,1,0,0,0,0,1,0,0,1,0,0,0,1,0,1,0,0,0,1,0,0,0,0,0,0,1,0,0,1,0,1,0,0,0,0,0,1,0,1,0,0,0,0,0,1,0,0,0,1,0,0,1,0,0,1,0,0,0,0,1,0,0,0,0,0,1,0,0,1,0,1,0,0,0,0,0,1,0,1,0,0,0,1,0,0,0,1,0,0,0,0,1,0,0,0,0,0,1,1,0,0,0,0,0,1,0,0,1,0,0,0,1,0,0,1,0,0,0,0,1,0,0,0,0,0,1,0,0,1,0,0,0,0,1,0,0,1,0,0,0,1,0,0,0,1,0,0,0,0,1,0,0,1,0,0,0,1,0,1,0,0,0,1,0,0,0,0,0,1,0,0,0,1,0,0,0,1,0,0,0,1,0,1,0,0,0,1,0,0,0,0,0,1,0,0,0,1,0,1,0,0,0,0,0,1,0,1,0,0,0,0,0,0,1,0,0,0,1,0,0,0,1,0,0,1,0,0,0,1,0,0,0,0,1,0,0,0,1,0,0,0,1,0,0,0,1,0,0,1,0,1,0,0,0,0,1,0,0,1,0,0,0,1,0,0,0,0,0,1,0,0,0,0,1,0,1,0,0,0,1,0,0,0,0,1,0,0,0,0,1,1,0,0,0,0,1,0,0,0,0,0,1,0,1,0,0,1,0,0,0,0,0,1,0,0,0,1,0,0,0,0,1,0,1,0,0,0,0,0,1,0,0,0,1,0,1,0,0,1,0,0,0,0,0,1,0,0,0,0,1,1,0,0,0,1,0,0,0,0,0,1,0,0,0,1,0,1,0,0,0,1935.56,1737.79,1112.0,49.3,50.7,2.8,1000,1.9783,0.0270541082164328,0.0110220440881763,0.0240480961923847,0.0160320641282565,0.0200400801603206,0.0110220440881763,0.0040080160320641,0.0100200400801603,0.0230460921843687,0.0190380761523046,0.0310621242484969,0.0140280561122244,0.0160320641282565,0.0070140280561122,0.0180360721442885,0.0120240480961923,0.0160320641282565,0.0170340681362725,0.0230460921843687,0.0130260521042084,0.0130260521042084,0.0060120240480961,0.0070140280561122,0.0100200400801603,0.0060120240480961,0.0070140280561122,0.0110220440881763,0.0040080160320641,0.0100200400801603,0.0100200400801603,0.0220440881763527,0.0120240480961923,0.0210420841683366,0.0060120240480961,0.0280561122244488,0.0150300601202404,0.0210420841683366,0.0130260521042084,0.0140280561122244,0.0120240480961923,0.0290581162324649,0.0150300601202404,0.0360721442885771,0.0230460921843687,0.0140280561122244,0.0130260521042084,0.0270541082164328,0.0180360721442885,0.0140280561122244,0.0110220440881763,0.0120240480961923,0.0090180360721442,0.0140280561122244,0.0060120240480961,0.003006012024048,0.0220440881763527,0.0130260521042084,0.0190380761523046,0.0250501002004008,0.0310621242484969,0.0060120240480961,0.0150300601202404,0.0210420841683366,0.0220440881763527,7.81,4.5,8.71,5.31,6.91,3.6,2.8,5.41,7.11,6.01,10.31,7.21,4.6,4.5,8.81,6.41,0,-1,0,0,-1,0,0,-1,0,0,-1,0,12.27,9.2
ENSG00000002822,0,1,0,0,0,0,1,0,0,1,0,0,1,0,0,0,0,0,1,0,0,1,0,0,0,0,0,1,0,0,0,1,0,0,0,1,1,0,0,0,0,0,0,1,1,0,0,0,0,0,0,1,0,0,0,1,0,0,0,1,1,0,0,0,1,0,0,0,0,0,0,1,1,0,0,0,1,0,0,0,1,0,0,0,1,0,0,0,0,0,0,1,1,0,0,0,1,0,0,0,0,0,0,1,1,0,0,0,0,0,1,0,1,0,0,0,0,0,1,0,1,0,0,0,0,0,0,1,0,0,0,1,0,0,1,0,0,1,0,0,1,0,0,0,0,0,0,1,0,0,0,1,1,0,0,0,0,0,0,1,0,0,0,1,0,0,0,1,0,0,0,1,1,0,0,0,1,0,0,0,0,0,1,0,0,0,1,0,0,0,0,1,1,0,0,0,0,1,0,0,0,0,0,1,0,0,0,1,0,0,0,1,0,1,0,0,1,0,0,0,0,0,0,1,0,0,1,0,0,1,0,0,0,0,0,1,0,0,0,1,0,0,0,1,0,0,1,0,1,0,0,0,1,0,0,0,0,0,1,0,0,0,0,1,0,0,0,1,0,0,0,1,0,0,0,1,0,0,1,0,0,0,0,1,0,0,0,1,0,0,0,1,0,0,0,1,0,0,0,1,0,0,0,1,0,0,0,1,0,0,0,1,1,0,0,0,1,0,0,0,1,0,0,0,0,1,0,0,0,0,0,1,0,0,1,0,0,0,1,0,0,1,0,0,0,0,0,1,0,0,0,1,0,1,0,0,0,1,0,0,0,0,0,1,0,1,0,0,1,0,0,0,1,0,0,0,1,0,0,0,0,0,1,0,0,1,0,0,0,1,0,0,1,0,0,0,0,0,0,1,2001.99,1804.19,700.0,47.5,52.5,2.6,1000,1.9956,0.0210420841683366,0.0080160320641282,0.0240480961923847,0.0140280561122244,0.0080160320641282,0.0120240480961923,0.0060120240480961,0.0160320641282565,0.0210420841683366,0.0150300601202404,0.0250501002004008,0.0170340681362725,0.0110220440881763,0.0100200400801603,0.0080160320641282,0.0250501002004008,0.0090180360721442,0.0160320641282565,0.0250501002004008,0.0160320641282565,0.0230460921843687,0.0180360721442885,0.0100200400801603,0.0170340681362725,0.0040080160320641,0.0080160320641282,0.0100200400801603,0.0040080160320641,0.0060120240480961,0.0260521042084168,0.0220440881763527,0.0170340681362725,0.0240480961923847,0.0110220440881763,0.0180360721442885,0.0150300601202404,0.0140280561122244,0.0200400801603206,0.0040080160320641,0.0160320641282565,0.0260521042084168,0.0180360721442885,0.0230460921843687,0.0110220440881763,0.0100200400801603,0.0080160320641282,0.0120240480961923,0.0140280561122244,0.0130260521042084,0.0070140280561122,0.0110220440881763,0.0090180360721442,0.0210420841683366,0.0180360721442885,0.0050100200400801,0.0220440881763527,0.0170340681362725,0.0130260521042084,0.0200400801603206,0.0120240480961923,0.0140280561122244,0.0220440881763527,0.0200400801603206,0.0581162324649298,6.71,4.2,7.81,5.41,6.61,6.81,2.6,7.11,6.81,5.41,7.81,4.4,4.1,6.61,6.21,11.41,0,-1,0,0,-1,0,0,-1,0,0,-1,0,7.44,5.58
ENSG00000002834,0,1,0,0,0,1,0,0,1,0,0,0,0,0,0,1,0,0,1,0,0,0,0,1,0,1,0,0,1,0,0,0,0,1,0,0,0,1,0,0,1,0,0,0,0,0,0,1,0,0,0,1,1,0,0,0,1,0,0,0,0,0,0,1,1,0,0,0,0,1,0,0,1,0,0,0,0,0,1,0,1,0,0,0,1,0,0,0,1,0,0,0,0,0,1,0,0,0,0,1,0,0,0,1,0,0,1,0,1,0,0,0,1,0,0,0,0,0,1,0,0,0,0,1,0,0,0,1,0,0,1,0,0,0,1,0,1,0,0,0,0,0,1,0,1,0,0,0,1,0,0,0,0,0,1,0,0,0,1,0,0,0,1,0,0,1,0,0,0,0,0,1,0,0,1,0,0,0,0,1,0,0,1,0,0,0,0,1,0,1,0,0,0,0,0,1,1,0,0,0,0,0,0,1,0,0,1,0,0,0,1,0,0,0,1,0,0,0,0,1,0,0,0,1,0,0,0,1,0,1,0,0,0,1,0,0,0,1,0,0,0,0,0,1,0,1,0,0,0,0,1,0,0,1,0,0,0,1,0,0,0,0,0,1,0,0,1,0,1,0,0,0,0,1,0,0,0,1,0,0,0,1,0,0,1,0,0,0,0,1,0,0,0,1,0,0,0,1,0,0,0,0,0,1,0,1,0,0,0,1,0,0,1,0,0,0,0,1,0,0,0,1,0,0,0,1,0,0,0,1,0,0,0,1,0,0,1,0,0,0,1,0,0,0,1,0,0,0,1,0,0,0,0,0,1,0,0,0,1,0,1,0,0,0,1,0,0,0,0,1,0,0,0,0,1,0,0,1,0,0,0,1,0,0,1,0,0,0,1,0,0,0,0,0,1,0,0,0,0,1,3785.94,3588.12,21744.0,57.6,42.4,5.1,1000,1.9804,0.0290581162324649,0.0130260521042084,0.0260521042084168,0.0120240480961923,0.0100200400801603,0.0230460921843687,0.0050100200400801,0.0060120240480961,0.0190380761523046,0.0160320641282565,0.0290581162324649,0.0120240480961923,0.0040080160320641,0.0070140280561122,0.0140280561122244,0.0070140280561122,0.0130260521042084,0.0150300601202404,0.0220440881763527,0.0090180360721442,0.0200400801603206,0.0470941883767535,0.0240480961923847,0.0220440881763527,0.0060120240480961,0.0230460921843687,0.0180360721442885,0.0040080160320641,0.0110220440881763,0.0180360721442885,0.0230460921843687,0.0070140280561122,0.0290581162324649,0.0070140280561122,0.0220440881763527,0.0080160320641282,0.0200400801603206,0.0220440881763527,0.0150300601202404,0.0180360721442885,0.0230460921843687,0.0210420841683366,0.0410821643286573,0.0180360721442885,0.0060120240480961,0.0140280561122244,0.0140280561122244,0.0140280561122244,0.0090180360721442,0.0090180360721442,0.0060120240480961,0.003006012024048,0.0090180360721442,0.0200400801603206,0.0070140280561122,0.0130260521042084,0.0180360721442885,0.0160320641282565,0.0150300601202404,0.0140280561122244,0.0060120240480961,0.0100200400801603,0.0120240480961923,0.0250501002004008,8.01,4.4,7.61,3.2,5.91,11.31,5.11,5.91,6.61,7.61,10.31,4.8,2.7,4.9,6.31,5.31,0,-1,0,0,-1,0,0,-1,0,0,-1,0,116.2,87.11
ENSG00000002919,0,0,1,0,0,0,1,0,0,1,0,0,0,0,0,1,0,0,1,0,1,0,0,0,0,0,1,0,0,0,1,0,0,0,1,0,1,0,0,0,0,0,1,0,0,0,1,0,1,0,0,0,0,0,1,0,1,0,0,0,1,0,0,0,0,0,0,1,0,1,0,0,0,0,1,0,0,1,0,0,0,0,0,1,0,0,0,1,0,0,1,0,1,0,0,0,1,0,0,0,0,1,0,0,0,1,0,0,0,1,0,0,1,0,0,0,0,0,1,0,0,0,1,0,1,0,0,0,0,0,1,0,0,0,1,0,0,0,0,1,0,0,1,0,0,0,1,0,1,0,0,0,0,0,1,0,0,0,1,0,0,0,0,1,0,0,0,1,1,0,0,0,0,1,0,0,1,0,0,0,0,0,1,0,0,0,0,1,0,0,1,0,1,0,0,0,0,0,1,0,0,1,0,0,0,1,0,0,0,0,1,0,1,0,0,0,0,0,1,0,1,0,0,0,0,0,0,1,0,1,0,0,0,0,1,0,0,1,0,0,0,0,1,0,0,1,0,0,0,1,0,0,1,0,0,0,0,0,0,1,0,0,0,1,0,0,1,0,0,1,0,0,1,0,0,0,0,1,0,0,0,0,0,1,0,1,0,0,0,1,0,0,1,0,0,0,0,0,1,0,0,1,0,0,0,1,0,0,0,0,0,1,0,0,1,0,0,0,1,0,0,0,1,0,0,1,0,0,1,0,0,0,1,0,0,0,0,1,0,0,1,0,0,0,1,0,0,0,0,0,1,0,1,0,0,0,0,0,1,0,0,1,0,0,0,0,1,0,1,0,0,0,1,0,0,0,1,0,0,0,0,1,0,0,0,0,0,1,0,0,0,1,0,1,0,0,0,0,1,0,2176.43,1978.61,2450.0,44.4,55.6,1.2,1000,1.9855,0.0531062124248497,0.0120240480961923,0.0250501002004008,0.0250501002004008,0.0180360721442885,0.0130260521042084,0.001002004008016,0.0170340681362725,0.0210420841683366,0.0220440881763527,0.0310621242484969,0.0150300601202404,0.0150300601202404,0.0150300601202404,0.0110220440881763,0.0160320641282565,0.0240480961923847,0.0240480961923847,0.0260521042084168,0.0110220440881763,0.0190380761523046,0.0270541082164328,0.002004008016032,0.0150300601202404,0.003006012024048,0.0060120240480961,0.001002004008016,0.002004008016032,0.0100200400801603,0.0150300601202404,0.0230460921843687,0.0160320641282565,0.0180360721442885,0.0060120240480961,0.0240480961923847,0.0110220440881763,0.0260521042084168,0.0120240480961923,0.0050100200400801,0.0140280561122244,0.0220440881763527,0.0130260521042084,0.0150300601202404,0.0080160320641282,0.0110220440881763,0.0090180360721442,0.0090180360721442,0.0150300601202404,0.0200400801603206,0.0070140280561122,0.0140280561122244,0.0100200400801603,0.0220440881763527,0.0120240480961923,0.0040080160320641,0.0180360721442885,0.0130260521042084,0.0160320641282565,0.0100200400801603,0.0190380761523046,0.0150300601202404,0.0170340681362725,0.0150300601202404,0.034068136272545,11.51,4.9,8.91,5.71,8.51,6.41,1.2,6.41,5.91,5.71,5.81,4.4,5.11,5.61,5.81,8.11,0,-1,0,0,-1,0,0,-1,0,0,-1,0,23.74,17.8
ENSG00000002933,0,0,1,0,1,0,0,0,1,0,0,0,0,0,0,1,0,0,0,1,0,0,1,0,0,0,0,1,0,1,0,0,1,0,0,0,0,0,0,1,0,0,1,0,0,0,1,0,0,1,0,0,0,1,0,0,1,0,0,0,0,0,0,1,0,0,0,1,0,0,0,1,0,0,0,1,0,0,0,1,0,0,1,0,0,1,0,0,0,0,0,1,1,0,0,0,0,0,1,0,1,0,0,0,0,1,0,0,0,0,0,1,1,0,0,0,0,1,0,0,0,0,0,1,0,0,0,1,0,1,0,0,0,0,0,1,0,0,0,1,0,1,0,0,1,0,0,0,0,1,0,0,1,0,0,0,0,0,0,1,0,0,1,0,0,1,0,0,1,0,0,0,0,1,0,0,0,0,0,1,0,0,0,1,0,0,0,1,1,0,0,0,0,0,1,0,1,0,0,0,1,0,0,0,0,0,0,1,0,1,0,0,1,0,0,0,0,0,1,0,0,1,0,0,0,0,0,1,0,0,0,1,0,0,1,0,0,1,0,0,0,1,0,0,0,0,0,1,0,0,1,0,0,0,1,0,0,1,0,0,0,0,0,1,0,1,0,0,0,0,0,1,1,0,0,0,1,0,0,0,1,0,0,0,1,0,0,0,0,0,0,1,1,0,0,0,1,0,0,0,1,0,0,0,0,0,0,1,0,1,0,0,0,1,0,0,0,0,0,1,0,0,1,0,0,1,0,0,1,0,0,0,0,0,0,1,1,0,0,0,0,0,1,0,0,0,1,0,0,1,0,0,1,0,0,0,1,0,0,0,0,0,0,1,0,0,0,1,0,1,0,0,0,0,0,1,1,0,0,0,1,0,0,0,0,0,0,1,0,0,1,0,0,0,1,0,1,0,0,0,827.0,629.18,2.0,62.2,37.8,5.5,1000,1.9508,0.0120240480961923,0.0070140280561122,0.0100200400801603,0.0110220440881763,0.0140280561122244,0.0190380761523046,0.0130260521042084,0.0100200400801603,0.0190380761523046,0.0210420841683366,0.0240480961923847,0.0070140280561122,0.0040080160320641,0.0070140280561122,0.0050100200400801,0.0100200400801603,0.0080160320641282,0.0220440881763527,0.033066132264529,0.0070140280561122,0.0280561122244488,0.0501002004008016,0.0250501002004008,0.0370741482965931,0.0050100200400801,0.0160320641282565,0.0230460921843687,0.0110220440881763,0.0120240480961923,0.0270541082164328,0.0260521042084168,0.0150300601202404,0.0120240480961923,0.0200400801603206,0.0190380761523046,0.0050100200400801,0.0180360721442885,0.0360721442885771,0.0110220440881763,0.0180360721442885,0.0240480961923847,0.0310621242484969,0.0350701402805611,0.0120240480961923,0.0050100200400801,0.0120240480961923,0.0100200400801603,0.0070140280561122,0.0080160320641282,0.0070140280561122,0.0090180360721442,0.003006012024048,0.0100200400801603,0.0350701402805611,0.0060120240480961,0.0150300601202404,0.0070140280561122,0.0160320641282565,0.0200400801603206,0.0040080160320641,0.0060120240480961,0.0200400801603206,0.0060120240480961,0.0130260521042084,4.0,5.61,7.11,2.6,7.01,14.01,5.51,8.01,5.61,8.41,10.21,3.4,2.7,6.61,4.7,4.5,0,-1,0,0,-1,0,1,66,1,0,-1,0,0.06,0.05
ENSG00000003056,0,0,1,0,0,0,0,1,0,0,0,1,0,0,0,1,1,0,0,0,1,0,0,0,1,0,0,0,0,0,1,0,0,1,0,0,1,0,0,0,0,1,0,0,0,0,0,1,0,0,0,1,1,0,0,0,0,1,0,0,1,0,0,0,1,0,0,0,1,0,0,0,1,0,0,0,0,0,1,0,0,0,0,1,0,0,1,0,0,1,0,0,0,1,0,0,0,0,1,0,0,0,1,0,0,0,1,0,0,1,0,0,1,0,0,0,0,1,0,0,0,1,0,0,1,0,0,0,0,1,0,0,0,1,0,0,0,0,1,0,1,0,0,0,0,0,1,0,1,0,0,0,0,0,0,1,1,0,0,0,0,0,0,1,0,0,1,0,0,1,0,0,1,0,0,0,0,0,0,1,0,1,0,0,0,1,0,0,0,0,1,0,0,0,0,1,0,0,0,1,1,0,0,0,0,0,1,0,0,1,0,0,0,0,0,1,0,0,0,1,0,0,0,1,0,0,0,1,1,0,0,0,0,0,0,1,0,0,0,1,1,0,0,0,0,0,0,1,0,0,0,1,1,0,0,0,0,0,0,1,0,0,0,1,1,0,0,0,0,0,1,0,1,0,0,0,0,1,0,0,0,0,0,1,0,1,0,0,1,0,0,0,1,0,0,0,1,0,0,0,1,0,0,0,0,1,0,0,1,0,0,0,0,1,0,0,0,0,0,1,0,0,1,0,0,0,0,1,1,0,0,0,0,0,1,0,0,0,0,1,1,0,0,0,0,0,1,0,0,0,0,1,0,0,0,1,0,1,0,0,0,0,0,1,1,0,0,0,1,0,0,0,0,0,0,1,0,0,1,0,1,0,0,0,0,0,1,0,1,0,0,0,0,0,1,0,0,0,1,0,1743.37,1545.57,13903.17,50.7,49.3,5.5,1000,1.9686,0.032064128256513,0.0240480961923847,0.0350701402805611,0.0160320641282565,0.0240480961923847,0.0180360721442885,0.0100200400801603,0.0160320641282565,0.034068136272545,0.0250501002004008,0.0270541082164328,0.0170340681362725,0.0120240480961923,0.0090180360721442,0.0080160320641282,0.0110220440881763,0.0210420841683366,0.0190380761523046,0.0220440881763527,0.0100200400801603,0.0160320641282565,0.0190380761523046,0.0130260521042084,0.0130260521042084,0.0180360721442885,0.0110220440881763,0.0140280561122244,0.0120240480961923,0.0120240480961923,0.0160320641282565,0.0140280561122244,0.0110220440881763,0.034068136272545,0.0120240480961923,0.034068136272545,0.0080160320641282,0.0190380761523046,0.0140280561122244,0.0230460921843687,0.0120240480961923,0.0240480961923847,0.0180360721442885,0.0150300601202404,0.0100200400801603,0.0120240480961923,0.0090180360721442,0.0120240480961923,0.0100200400801603,0.0200400801603206,0.0130260521042084,0.0120240480961923,0.0060120240480961,0.0130260521042084,0.0100200400801603,0.0090180360721442,0.0120240480961923,0.0120240480961923,0.0140280561122244,0.0110220440881763,0.003006012024048,0.0150300601202404,0.0100200400801603,0.0060120240480961,0.0070140280561122,10.71,6.81,10.31,4.0,7.21,6.11,5.51,5.31,8.81,6.81,6.71,4.3,5.11,4.4,4.0,3.9,0,-1,0,1,81,1,1,53,1,1,81,1,172.48,129.31
ENSG00000003096,0,1,0,0,1,0,0,0,1,0,0,0,0,0,1,0,0,0,1,0,0,0,0,1,0,0,1,0,0,1,0,0,0,0,0,1,0,0,0,1,0,0,0,1,0,1,0,0,0,0,0,1,1,0,0,0,0,1,0,0,0,1,0,0,0,1,0,0,1,0,0,0,1,0,0,0,0,0,0,1,1,0,0,0,1,0,0,0,0,0,1,0,0,1,0,0,1,0,0,0,0,0,0,1,0,0,0,1,0,0,0,1,1,0,0,0,0,0,1,0,0,0,0,1,0,0,1,0,0,0,0,1,0,0,1,0,0,0,0,1,1,0,0,0,1,0,0,0,0,0,1,0,0,0,1,0,0,0,0,1,1,0,0,0,0,0,1,0,0,0,1,0,0,0,0,1,1,0,0,0,0,0,0,1,1,0,0,0,0,1,0,0,1,0,0,0,1,0,0,0,0,0,0,1,1,0,0,0,1,0,0,0,0,0,0,1,0,0,0,1,1,0,0,0,0,0,0,1,0,0,0,1,0,0,1,0,1,0,0,0,1,0,0,0,0,0,0,1,1,0,0,0,1,0,0,0,0,0,1,0,0,1,0,0,1,0,0,0,0,0,0,1,1,0,0,0,0,0,1,0,0,0,0,1,0,0,1,0,0,0,1,0,1,0,0,0,0,0,1,0,1,0,0,0,1,0,0,0,0,0,1,0,0,1,0,0,0,1,0,0,1,0,0,0,0,0,1,0,0,0,0,1,0,0,1,0,0,0,1,0,1,0,0,0,1,0,0,0,0,0,1,0,0,1,0,0,1,0,0,0,0,0,0,1,0,0,0,1,0,1,0,0,0,1,0,0,0,0,0,1,0,0,1,0,0,0,0,1,0,0,0,1,1,0,0,0,1,0,0,0,2786.99,2589.16,149.0,39.6,60.4,0.7,1000,1.959,0.0390781563126252,0.0140280561122244,0.0390781563126252,0.0280561122244488,0.0140280561122244,0.0110220440881763,0.002004008016032,0.0160320641282565,0.032064128256513,0.0180360721442885,0.0210420841683366,0.0260521042084168,0.0190380761523046,0.0110220440881763,0.0120240480961923,0.0220440881763527,0.0240480961923847,0.0140280561122244,0.0190380761523046,0.0070140280561122,0.0130260521042084,0.0090180360721442,0.0040080160320641,0.0130260521042084,0.0,0.0050100200400801,0.0,0.002004008016032,0.0120240480961923,0.0090180360721442,0.0150300601202404,0.0200400801603206,0.0300601202404809,0.0050100200400801,0.0170340681362725,0.0110220440881763,0.0200400801603206,0.0050100200400801,0.001002004008016,0.0140280561122244,0.0160320641282565,0.0080160320641282,0.0190380761523046,0.0160320641282565,0.0240480961923847,0.0070140280561122,0.0160320641282565,0.0200400801603206,0.0270541082164328,0.0110220440881763,0.0220440881763527,0.0180360721442885,0.0160320641282565,0.0140280561122244,0.0,0.0130260521042084,0.0150300601202404,0.0090180360721442,0.0190380761523046,0.0230460921843687,0.0230460921843687,0.0160320641282565,0.0230460921843687,0.0300601202404809,12.01,4.4,9.71,6.41,6.41,3.9,0.7,5.61,6.31,4.0,5.91,6.71,7.81,4.3,6.61,9.21,0,-1,0,0,-1,0,0,-1,0,1,19,3,1.1,0.83
ENSG00000003137,0,0,1,0,0,1,0,0,0,0,0,1,0,0,0,1,0,0,0,1,0,0,0,1,0,1,0,0,0,1,0,0,0,1,0,0,0,1,0,0,0,1,0,0,0,0,0,1,0,1,0,0,0,0,0,1,0,0,0,1,0,0,0,1,0,1,0,0,1,0,0,0,0,0,0,1,0,0,0,1,0,1,0,0,0,1,0,0,0,0,0,1,0,0,0,1,0,0,0,1,0,0,0,1,0,0,1,0,0,1,0,0,0,1,0,0,0,0,0,1,0,0,0,1,0,1,0,0,0,1,0,0,0,0,0,1,0,0,0,1,0,0,0,1,0,1,0,0,0,0,0,1,0,0,0,1,0,0,0,1,0,0,0,1,0,0,0,1,0,0,0,1,0,1,0,0,0,1,0,0,0,1,0,0,0,1,0,0,1,0,0,0,0,0,0,1,0,0,0,1,0,0,0,1,0,1,0,0,0,0,0,1,0,0,0,1,0,1,0,0,0,1,0,0,0,1,0,0,0,1,0,0,0,1,0,0,1,0,0,0,0,0,1,0,0,1,0,0,1,0,0,0,0,0,1,0,0,1,0,0,1,0,0,0,1,0,0,0,0,1,0,0,0,0,0,1,0,1,0,0,0,1,0,0,1,0,0,0,0,0,1,0,1,0,0,0,0,0,1,0,0,1,0,0,0,1,0,0,0,0,1,0,1,0,0,0,0,0,1,0,1,0,0,0,0,0,1,0,1,0,0,0,0,1,0,0,0,1,0,0,0,0,1,0,0,1,0,0,0,0,1,0,0,0,0,1,0,1,0,0,0,1,0,0,0,1,0,0,0,0,1,0,0,0,1,0,0,0,1,0,1,0,0,0,0,1,0,0,0,0,1,0,0,0,1,0,1,0,0,0,3382.11,3184.31,1633.0,62.9,37.1,8.0,1000,1.8899,0.0120240480961923,0.0090180360721442,0.0070140280561122,0.0080160320641282,0.0090180360721442,0.0140280561122244,0.003006012024048,0.0090180360721442,0.0070140280561122,0.0200400801603206,0.0120240480961923,0.0060120240480961,0.0050100200400801,0.003006012024048,0.001002004008016,0.0080160320641282,0.0160320641282565,0.0130260521042084,0.0170340681362725,0.0050100200400801,0.0200400801603206,0.0741482965931863,0.0490981963927855,0.0370741482965931,0.0060120240480961,0.0460921843687374,0.0220440881763527,0.0060120240480961,0.0040080160320641,0.0501002004008016,0.0140280561122244,0.0270541082164328,0.0050100200400801,0.0090180360721442,0.0150300601202404,0.003006012024048,0.0140280561122244,0.0531062124248497,0.0110220440881763,0.0230460921843687,0.0140280561122244,0.0230460921843687,0.0230460921843687,0.0060120240480961,0.001002004008016,0.0070140280561122,0.0050100200400801,0.0090180360721442,0.003006012024048,0.0040080160320641,0.0060120240480961,0.001002004008016,0.0080160320641282,0.0390781563126252,0.0170340681362725,0.0260521042084168,0.0050100200400801,0.0120240480961923,0.0090180360721442,0.0040080160320641,0.0040080160320641,0.0300601202404809,0.0100200400801603,0.0601202404809619,3.6,3.5,4.5,1.7,5.11,18.02,8.01,9.51,3.2,10.21,6.61,2.2,1.4,9.01,3.0,10.41,0,-1,0,0,-1,0,0,-1,0,0,-1,0,9.83,7.37
ENSG00000003147,0,0,1,0,1,0,0,0,1,0,0,0,0,0,0,1,0,0,0,1,0,0,0,1,0,0,0,1,0,0,0,1,0,0,0,1,0,0,0,1,0,0,0,1,0,0,0,1,1,0,0,0,0,0,0,1,1,0,0,0,1,0,0,0,1,0,0,0,1,0,0,0,0,0,1,0,0,1,0,0,0,1,0,0,1,0,0,0,1,0,0,0,1,0,0,0,0,0,0,1,1,0,0,0,0,0,0,1,1,0,0,0,0,0,0,1,1,0,0,0,0,0,0,1,1,0,0,0,1,0,0,0,0,0,1,0,0,1,0,0,1,0,0,0,1,0,0,0,0,0,0,1,0,0,1,0,0,1,0,0,0,0,0,1,0,0,0,1,0,0,0,1,0,0,0,1,0,1,0,0,0,0,0,1,0,1,0,0,0,0,0,1,0,1,0,0,0,0,0,1,0,0,1,0,1,0,0,0,1,0,0,0,1,0,0,0,1,0,0,0,0,0,0,1,0,0,0,1,0,0,0,1,0,1,0,0,0,0,0,1,0,1,0,0,0,1,0,0,0,0,0,1,0,0,1,0,1,0,0,0,1,0,0,0,0,0,0,1,0,1,0,0,0,0,0,1,0,0,0,1,1,0,0,0,0,0,1,0,0,1,0,0,0,0,0,1,0,0,0,1,0,0,0,1,0,0,0,1,0,1,0,0,1,0,0,0,1,0,0,0,0,1,0,0,1,0,0,0,1,0,0,0,0,0,0,1,0,0,0,1,0,0,0,1,0,0,1,0,0,1,0,0,0,0,0,1,1,0,0,0,0,0,0,1,0,0,0,1,0,0,0,1,0,0,0,1,0,0,1,0,0,0,0,1,1,0,0,0,0,0,1,0,1,0,0,0,0,1,0,0,1294.2,1096.43,72.0,35.2,64.8,0.9,1000,1.9342,0.0390781563126252,0.0170340681362725,0.0220440881763527,0.0300601202404809,0.0260521042084168,0.0050100200400801,0.001002004008016,0.0210420841683366,0.0170340681362725,0.0190380761523046,0.0140280561122244,0.0070140280561122,0.0350701402805611,0.0160320641282565,0.0220440881763527,0.0290581162324649,0.0190380761523046,0.0080160320641282,0.0190380761523046,0.0250501002004008,0.0120240480961923,0.0040080160320641,0.001002004008016,0.0120240480961923,0.003006012024048,0.001002004008016,0.003006012024048,0.002004008016032,0.0190380761523046,0.0200400801603206,0.0200400801603206,0.0210420841683366,0.0210420841683366,0.0100200400801603,0.0060120240480961,0.0160320641282565,0.0140280561122244,0.0050100200400801,0.002004008016032,0.0150300601202404,0.0120240480961923,0.0080160320641282,0.0050100200400801,0.0100200400801603,0.0090180360721442,0.0090180360721442,0.0070140280561122,0.0120240480961923,0.0290581162324649,0.0180360721442885,0.0100200400801603,0.0310621242484969,0.0190380761523046,0.0150300601202404,0.0050100200400801,0.032064128256513,0.0200400801603206,0.0090180360721442,0.0130260521042084,0.0180360721442885,0.0250501002004008,0.0260521042084168,0.0110220440881763,0.0470941883767535,10.81,5.31,5.71,10.21,7.11,2.9,0.9,8.01,5.31,3.7,3.5,3.7,8.81,7.11,6.01,10.91,0,-1,0,0,-1,0,0,-1,0,1,87,1,1.26,0.94
ENSG00000003249,0,1,0,0,1,0,0,0,0,0,1,0,0,1,0,0,0,0,0,1,0,0,0,1,0,1,0,0,1,0,0,0,0,0,0,1,0,0,1,0,0,1,0,0,0,0,0,1,0,0,1,0,1,0,0,0,0,0,0,1,0,0,0,1,0,0,1,0,0,0,1,0,0,1,0,0,0,0,0,1,0,0,0,1,0,0,0,1,0,0,0,1,0,0,0,1,0,0,1,0,0,1,0,0,0,0,0,1,0,0,0,1,0,1,0,0,1,0,0,0,0,0,1,0,1,0,0,0,1,0,0,0,0,0,1,0,0,0,0,1,0,1,0,0,0,0,0,1,0,0,1,0,0,0,1,0,1,0,0,0,0,0,0,1,0,0,1,0,1,0,0,0,0,0,1,0,0,0,0,1,0,0,1,0,0,0,0,1,0,1,0,0,0,1,0,0,0,0,0,1,0,0,1,0,1,0,0,0,1,0,0,0,0,0,0,1,0,0,0,1,1,0,0,0,1,0,0,0,1,0,0,0,0,0,0,1,1,0,0,0,0,0,1,0,0,1,0,0,0,0,0,1,0,0,1,0,0,0,0,1,1,0,0,0,0,0,0,1,0,0,0,1,1,0,0,0,1,0,0,0,0,1,0,0,1,0,0,0,1,0,0,0,0,0,0,1,1,0,0,0,1,0,0,0,0,0,0,1,0,0,0,1,0,1,0,0,0,1,0,0,0,0,0,1,0,0,0,1,0,0,0,1,0,1,0,0,1,0,0,0,0,0,1,0,0,1,0,0,1,0,0,0,1,0,0,0,1,0,0,0,1,0,0,0,1,0,0,0,0,0,1,0,0,0,1,0,0,0,1,0,0,1,0,0,1,0,0,0,1,0,0,0,0,0,1,0,1,0,0,0,2073.19,1875.36,1805.0,48.9,51.1,2.3,1000,1.9971,0.0210420841683366,0.0090180360721442,0.0170340681362725,0.0240480961923847,0.0150300601202404,0.0100200400801603,0.0040080160320641,0.0120240480961923,0.0210420841683366,0.0230460921843687,0.0170340681362725,0.0130260521042084,0.0160320641282565,0.0140280561122244,0.0180360721442885,0.0140280561122244,0.0220440881763527,0.0120240480961923,0.0290581162324649,0.0150300601202404,0.0180360721442885,0.032064128256513,0.0090180360721442,0.0250501002004008,0.0060120240480961,0.0100200400801603,0.0060120240480961,0.001002004008016,0.0050100200400801,0.0210420841683366,0.0300601202404809,0.0230460921843687,0.0160320641282565,0.0120240480961923,0.0190380761523046,0.0150300601202404,0.0180360721442885,0.0230460921843687,0.0050100200400801,0.0240480961923847,0.0140280561122244,0.0190380761523046,0.0170340681362725,0.0070140280561122,0.0050100200400801,0.0090180360721442,0.0130260521042084,0.0090180360721442,0.0120240480961923,0.0080160320641282,0.0090180360721442,0.0080160320641282,0.0260521042084168,0.0190380761523046,0.0050100200400801,0.0180360721442885,0.0210420841683366,0.0180360721442885,0.0170340681362725,0.0150300601202404,0.0110220440881763,0.0240480961923847,0.0100200400801603,0.0400801603206412,7.11,4.1,7.41,6.21,7.81,8.41,2.3,7.91,6.21,7.01,5.71,3.6,3.7,6.81,7.11,8.61,0,-1,0,0,-1,0,0,-1,0,1,33,2,18.46,13.84
ENSG00000003393,0,0,1,0,0,0,1,0,0,0,1,0,0,0,1,0,1,0,0,0,1,0,0,0,0,0,0,1,0,0,0,1,0,0,0,1,0,0,1,0,0,1,0,0,1,0,0,0,0,0,0,1,0,0,0,1,0,0,0,1,0,0,0,1,1,0,0,0,0,0,0,1,1,0,0,0,0,1,0,0,1,0,0,0,0,0,1,0,1,0,0,0,1,0,0,0,0,0,0,1,0,1,0,0,1,0,0,0,0,1,0,0,0,0,0,1,0,0,0,1,0,0,0,1,0,1,0,0,0,1,0,0,0,0,0,1,0,0,0,1,0,0,0,1,0,0,0,1,0,0,0,1,0,1,0,0,1,0,0,0,0,0,1,0,0,0,1,0,0,0,0,1,0,1,0,0,0,0,0,1,0,0,0,1,0,0,0,1,0,0,0,1,0,1,0,0,0,0,0,1,0,0,0,1,0,0,1,0,1,0,0,0,0,0,0,1,0,1,0,0,0,1,0,0,1,0,0,0,0,0,1,0,0,0,1,0,1,0,0,0,0,0,1,0,1,0,0,0,0,0,1,0,1,0,0,0,0,0,0,1,0,0,0,1,0,0,0,1,1,0,0,0,1,0,0,0,0,1,0,0,0,1,0,0,1,0,0,0,1,0,0,0,0,0,1,0,1,0,0,0,0,0,1,0,0,0,0,1,0,1,0,0,0,0,0,1,0,0,1,0,1,0,0,0,0,1,0,0,1,0,0,0,0,1,0,0,1,0,0,0,0,0,0,1,0,0,0,1,0,0,0,1,0,0,0,1,1,0,0,0,1,0,0,0,0,0,1,0,0,0,1,0,0,0,0,1,0,1,0,0,0,1,0,0,0,0,0,1,1,0,0,0,0,0,0,1,1,0,0,0,5227.16,5029.33,5195.0,44.2,55.8,2.1,1000,1.9901,0.033066132264529,0.0230460921843687,0.0180360721442885,0.0160320641282565,0.0170340681362725,0.0190380761523046,0.002004008016032,0.0140280561122244,0.0220440881763527,0.0120240480961923,0.0250501002004008,0.0110220440881763,0.0130260521042084,0.0200400801603206,0.0100200400801603,0.0190380761523046,0.0200400801603206,0.0150300601202404,0.0170340681362725,0.0140280561122244,0.0180360721442885,0.0140280561122244,0.0040080160320641,0.0200400801603206,0.0050100200400801,0.0050100200400801,0.0080160320641282,0.003006012024048,0.0170340681362725,0.0180360721442885,0.0190380761523046,0.0250501002004008,0.0160320641282565,0.0070140280561122,0.0260521042084168,0.0140280561122244,0.0100200400801603,0.0100200400801603,0.0070140280561122,0.0160320641282565,0.0210420841683366,0.0190380761523046,0.0180360721442885,0.0140280561122244,0.0100200400801603,0.0110220440881763,0.0110220440881763,0.0090180360721442,0.0210420841683366,0.0070140280561122,0.0090180360721442,0.0180360721442885,0.0210420841683366,0.0130260521042084,0.0080160320641282,0.0290581162324649,0.0150300601202404,0.0070140280561122,0.0200400801603206,0.0140280561122244,0.0150300601202404,0.0220440881763527,0.0160320641282565,0.0480961923847695,9.01,5.21,7.01,6.21,6.61,5.61,2.1,7.91,6.31,4.3,7.21,4.2,5.51,7.11,5.61,10.11,0,-1,0,0,-1,0,0,-1,0,1,74,2,19.81,14.85
ENSG00000003400,1,0,0,0,1,0,0,0,0,0,1,0,0,0,0,1,0,0,0,1,0,1,0,0,0,0,0,1,0,1,0,0,0,0,0,1,0,0,1,0,1,0,0,0,1,0,0,0,0,0,0,1,0,0,1,0,1,0,0,0,0,0,0,1,0,0,1,0,0,1,0,0,0,1,0,0,0,0,0,1,1,0,0,0,0,0,1,0,0,0,1,0,1,0,0,0,0,1,0,0,1,0,0,0,0,0,0,1,0,0,1,0,0,0,1,0,1,0,0,0,1,0,0,0,1,0,0,0,0,0,1,0,0,0,1,0,1,0,0,0,0,1,0,0,1,0,0,0,0,0,0,1,0,0,0,1,0,0,0,1,0,0,0,1,1,0,0,0,1,0,0,0,0,0,0,1,1,0,0,0,0,1,0,0,1,0,0,0,0,0,0,1,0,0,0,1,0,0,0,1,0,0,1,0,0,1,0,0,0,0,0,1,1,0,0,0,1,0,0,0,0,0,0,1,0,1,0,0,1,0,0,0,1,0,0,0,1,0,0,0,0,0,1,0,0,1,0,0,1,0,0,0,0,0,0,1,0,1,0,0,1,0,0,0,0,0,0,1,1,0,0,0,1,0,0,0,1,0,0,0,0,0,0,1,0,1,0,0,0,0,0,1,0,0,0,1,0,0,1,0,0,1,0,0,0,0,0,1,0,0,0,1,0,0,0,1,0,0,0,1,0,0,0,1,0,0,0,1,0,0,0,1,0,1,0,0,0,1,0,0,0,1,0,0,0,1,0,0,1,0,0,0,0,0,0,1,1,0,0,0,0,0,1,0,1,0,0,0,0,0,0,1,1,0,0,0,1,0,0,0,1,0,0,0,1,0,0,0,0,1,0,0,1,0,0,0,0,0,0,1,4251.32,4053.51,1101.0,40.5,59.5,1.2,1000,1.9653,0.033066132264529,0.0090180360721442,0.0160320641282565,0.0270541082164328,0.0200400801603206,0.0080160320641282,0.001002004008016,0.0140280561122244,0.0110220440881763,0.0110220440881763,0.0160320641282565,0.0230460921843687,0.0130260521042084,0.0150300601202404,0.0180360721442885,0.0220440881763527,0.0130260521042084,0.0160320641282565,0.0150300601202404,0.0210420841683366,0.0170340681362725,0.0100200400801603,0.0040080160320641,0.0130260521042084,0.002004008016032,0.003006012024048,0.0050100200400801,0.002004008016032,0.0080160320641282,0.0150300601202404,0.0140280561122244,0.0310621242484969,0.0160320641282565,0.0090180360721442,0.0170340681362725,0.0070140280561122,0.0150300601202404,0.0120240480961923,0.003006012024048,0.0170340681362725,0.0160320641282565,0.0150300601202404,0.0120240480961923,0.0140280561122244,0.0130260521042084,0.0060120240480961,0.0240480961923847,0.0200400801603206,0.0230460921843687,0.0090180360721442,0.0130260521042084,0.0130260521042084,0.0130260521042084,0.0140280561122244,0.0040080160320641,0.0240480961923847,0.0200400801603206,0.0180360721442885,0.0240480961923847,0.0240480961923847,0.0240480961923847,0.0190380761523046,0.0300601202404809,0.064128256513026,8.61,4.3,6.11,6.81,6.51,4.4,1.2,6.81,4.9,4.7,5.71,6.31,5.81,5.51,8.61,13.71,0,-1,0,0,-1,0,0,-1,0,1,32,2,5.21,3.9
ENSG00000003402,0,1,0,0,1,0,0,0,0,0,0,1,0,0,0,1,0,0,0,1,0,0,1,0,0,1,0,0,0,0,0,1,0,0,1,0,0,0,0,1,0,0,0,1,0,0,0,1,0,0,1,0,0,1,0,0,0,1,0,0,0,1,0,0,0,0,0,1,0,0,0,1,1,0,0,0,0,0,1,0,0,0,1,0,1,0,0,0,0,1,0,0,0,1,0,0,1,0,0,0,0,0,0,1,0,0,0,1,0,0,0,1,0,1,0,0,1,0,0,0,1,0,0,0,1,0,0,0,0,0,1,0,0,0,1,0,0,1,0,0,0,0,0,1,0,0,0,1,0,0,0,1,1,0,0,0,1,0,0,0,1,0,0,0,0,0,0,1,0,0,1,0,0,0,1,0,0,0,0,1,0,0,0,1,1,0,0,0,1,0,0,0,0,0,0,1,0,0,1,0,0,0,1,0,0,0,0,1,0,0,0,1,0,0,1,0,0,0,0,1,0,0,0,1,0,0,0,1,0,0,1,0,0,0,0,1,0,0,0,1,0,0,1,0,0,0,0,1,0,0,0,1,0,0,0,1,0,0,0,1,1,0,0,0,1,0,0,0,1,0,0,0,0,0,0,1,1,0,0,0,1,0,0,0,0,0,0,1,0,0,0,1,0,0,0,1,0,0,0,1,0,1,0,0,1,0,0,0,0,0,1,0,0,0,0,1,0,0,0,1,0,0,0,1,0,1,0,0,1,0,0,0,0,1,0,0,0,0,0,1,1,0,0,0,0,0,1,0,0,0,1,0,0,0,1,0,0,0,1,0,0,0,0,1,0,0,1,0,1,0,0,0,1,0,0,0,0,0,0,1,0,1,0,0,0,1,0,0,0,1,0,0,0,0,1,0,1,0,0,0,2433.38,2235.56,5716.0,48.7,51.3,4.1,1000,1.9931,0.0721442885771543,0.0170340681362725,0.0180360721442885,0.0180360721442885,0.0210420841683366,0.0100200400801603,0.0060120240480961,0.0190380761523046,0.0180360721442885,0.0140280561122244,0.0230460921843687,0.0150300601202404,0.0060120240480961,0.0110220440881763,0.0080160320641282,0.0120240480961923,0.0190380761523046,0.0220440881763527,0.0160320641282565,0.0090180360721442,0.0180360721442885,0.0160320641282565,0.0080160320641282,0.0140280561122244,0.0090180360721442,0.0130260521042084,0.0110220440881763,0.0080160320641282,0.0110220440881763,0.0180360721442885,0.0230460921843687,0.0160320641282565,0.0190380761523046,0.0090180360721442,0.0250501002004008,0.0050100200400801,0.0110220440881763,0.0180360721442885,0.0200400801603206,0.0190380761523046,0.0160320641282565,0.0270541082164328,0.0170340681362725,0.0130260521042084,0.0060120240480961,0.0100200400801603,0.0200400801603206,0.0190380761523046,0.0150300601202404,0.0080160320641282,0.0110220440881763,0.0050100200400801,0.0150300601202404,0.0120240480961923,0.0070140280561122,0.0160320641282565,0.0150300601202404,0.0150300601202404,0.0220440881763527,0.0190380761523046,0.0160320641282565,0.0110220440881763,0.0200400801603206,0.0180360721442885,12.51,5.61,7.01,3.7,6.61,5.61,4.1,6.81,5.81,6.91,7.31,5.51,3.9,5.01,7.11,6.51,0,-1,0,0,-1,0,0,-1,0,0,-1,0,49.03,36.75
ENSG00000003436,0,0,0,1,0,0,0,1,1,0,0,0,0,1,0,0,0,0,0,1,0,0,1,0,0,0,0,1,0,0,0,1,1,0,0,0,0,0,0,1,0,1,0,0,1,0,0,0,1,0,0,0,0,1,0,0,0,1,0,0,0,0,0,1,1,0,0,0,1,0,0,0,1,0,0,0,1,0,0,0,0,0,0,1,1,0,0,0,1,0,0,0,0,1,0,0,0,0,0,1,1,0,0,0,1,0,0,0,1,0,0,0,1,0,0,0,0,0,1,0,1,0,0,0,0,0,1,0,0,0,0,1,0,1,0,0,1,0,0,0,0,0,1,0,1,0,0,0,1,0,0,0,0,0,1,0,0,1,0,0,0,0,1,0,1,0,0,0,1,0,0,0,0,0,0,1,0,0,0,1,0,0,0,1,1,0,0,0,1,0,0,0,1,0,0,0,0,0,1,0,1,0,0,0,0,0,1,0,1,0,0,0,0,0,1,0,0,0,0,1,0,0,0,1,0,0,0,1,1,0,0,0,0,0,0,1,0,0,0,1,0,1,0,0,0,0,0,1,0,1,0,0,0,0,0,1,0,0,0,1,0,0,1,0,0,0,0,1,0,1,0,0,0,1,0,0,1,0,0,0,0,1,0,0,1,0,0,0,1,0,0,0,1,0,0,0,0,0,1,0,0,0,0,1,0,0,0,1,0,0,0,1,0,0,1,0,1,0,0,0,0,0,1,0,0,0,1,0,1,0,0,0,0,1,0,0,1,0,0,0,1,0,0,0,0,0,1,0,0,1,0,0,0,0,0,1,0,0,1,0,0,0,0,1,0,0,0,1,0,1,0,0,1,0,0,0,0,0,1,0,0,0,1,0,1,0,0,0,1,0,0,0,0,0,1,0,0,0,1,0,3284.29,3086.48,12597.63,42.2,57.8,0.7,1000,1.9799,0.0290581162324649,0.0150300601202404,0.0310621242484969,0.0220440881763527,0.0220440881763527,0.0140280561122244,0.003006012024048,0.0160320641282565,0.0270541082164328,0.0140280561122244,0.0160320641282565,0.0210420841683366,0.0170340681362725,0.0150300601202404,0.0130260521042084,0.0200400801603206,0.0220440881763527,0.0170340681362725,0.0190380761523046,0.0150300601202404,0.0230460921843687,0.0240480961923847,0.002004008016032,0.0250501002004008,0.001002004008016,0.003006012024048,0.002004008016032,0.001002004008016,0.0130260521042084,0.0120240480961923,0.0260521042084168,0.0240480961923847,0.0250501002004008,0.0100200400801603,0.0160320641282565,0.0100200400801603,0.0110220440881763,0.0180360721442885,0.001002004008016,0.0110220440881763,0.0110220440881763,0.0110220440881763,0.0110220440881763,0.0120240480961923,0.0100200400801603,0.0150300601202404,0.0090180360721442,0.0110220440881763,0.0210420841683366,0.0130260521042084,0.0120240480961923,0.0180360721442885,0.0170340681362725,0.0180360721442885,0.001002004008016,0.0230460921843687,0.0230460921843687,0.0130260521042084,0.0160320641282565,0.0110220440881763,0.0240480961923847,0.0170340681362725,0.0150300601202404,0.0400801603206412,9.71,5.51,7.81,6.51,7.31,7.41,0.7,7.51,6.21,4.1,4.5,4.5,6.41,5.91,6.31,9.61,0,-1,0,0,-1,0,0,-1,0,1,46,2,78.26,58.67
ENSG00000003509,0,0,0,1,0,0,0,1,0,0,0,1,0,0,1,0,0,1,0,0,1,0,0,0,0,0,0,1,0,1,0,0,1,0,0,0,1,0,0,0,1,0,0,0,0,1,0,0,0,0,0,1,0,1,0,0,1,0,0,0,0,0,1,0,1,0,0,0,0,0,1,0,0,1,0,0,1,0,0,0,1,0,0,0,1,0,0,0,1,0,0,0,0,0,1,0,0,1,0,0,0,1,0,0,0,0,0,1,0,0,1,0,0,1,0,0,0,1,0,0,0,1,0,0,0,0,0,1,0,1,0,0,0,0,0,1,0,0,1,0,1,0,0,0,0,1,0,0,0,1,0,0,0,1,0,0,0,1,0,0,0,0,0,1,0,1,0,0,0,0,1,0,0,0,1,0,0,1,0,0,0,1,0,0,0,1,0,0,0,0,0,1,0,1,0,0,0,1,0,0,0,0,0,1,0,0,0,1,0,0,0,1,0,1,0,0,0,0,0,1,0,0,0,1,1,0,0,0,0,1,0,0,0,0,0,1,1,0,0,0,0,0,0,1,0,0,0,1,0,1,0,0,0,0,0,1,0,1,0,0,0,1,0,0,0,1,0,0,0,1,0,0,0,0,0,1,0,0,0,1,1,0,0,0,1,0,0,0,0,1,0,0,0,0,0,1,0,1,0,0,1,0,0,0,0,1,0,0,0,0,0,1,0,1,0,0,0,0,0,1,0,0,1,0,0,1,0,0,0,1,0,0,0,0,0,1,0,1,0,0,0,0,0,1,0,0,1,0,0,1,0,0,0,0,0,1,1,0,0,0,0,1,0,0,1,0,0,0,0,1,0,0,0,0,0,1,0,0,1,0,0,0,1,0,0,1,0,0,1,0,0,0,0,0,0,1,0,0,0,1,1625.59,1427.77,2331.0,50.8,49.2,4.9,1000,1.9854,0.0250501002004008,0.0170340681362725,0.0130260521042084,0.0130260521042084,0.0130260521042084,0.0120240480961923,0.0080160320641282,0.0260521042084168,0.0120240480961923,0.0160320641282565,0.0110220440881763,0.0060120240480961,0.0110220440881763,0.0120240480961923,0.0130260521042084,0.0140280561122244,0.0150300601202404,0.0180360721442885,0.0160320641282565,0.0170340681362725,0.0180360721442885,0.0160320641282565,0.0150300601202404,0.033066132264529,0.0050100200400801,0.0170340681362725,0.0140280561122244,0.0130260521042084,0.0130260521042084,0.0390781563126252,0.0250501002004008,0.0230460921843687,0.0180360721442885,0.0070140280561122,0.0080160320641282,0.0100200400801603,0.0160320641282565,0.0220440881763527,0.0160320641282565,0.0170340681362725,0.0150300601202404,0.0210420841683366,0.0110220440881763,0.0070140280561122,0.0060120240480961,0.0100200400801603,0.0130260521042084,0.0130260521042084,0.0100200400801603,0.0170340681362725,0.0080160320641282,0.0100200400801603,0.0190380761523046,0.032064128256513,0.0100200400801603,0.0250501002004008,0.0110220440881763,0.0170340681362725,0.0180360721442885,0.0160320641282565,0.0150300601202404,0.0250501002004008,0.0110220440881763,0.0250501002004008,6.81,5.91,4.5,5.01,6.61,8.21,4.9,10.11,4.3,7.11,5.41,4.2,4.5,8.61,6.21,7.61,0,-1,0,0,-1,0,0,-1,0,1,69,1,31.3,23.47
ENSG00000003756,0,0,0,1,0,0,0,1,0,0,1,0,1,0,0,0,0,0,1,0,0,1,0,0,0,0,0,1,0,1,0,0,0,1,0,0,0,0,0,1,0,0,1,0,1,0,0,0,0,1,0,0,0,1,0,0,0,0,0,1,0,1,0,0,0,0,1,0,0,0,0,1,0,0,1,0,1,0,0,0,0,0,0,1,0,1,0,0,0,1,0,0,1,0,0,0,0,1,0,0,0,0,0,1,0,0,0,1,0,0,1,0,0,1,0,0,0,1,0,0,0,0,0,1,0,1,0,0,0,0,1,0,0,0,1,0,0,1,0,0,0,1,0,0,0,0,0,1,0,1,0,0,0,1,0,0,0,1,0,0,1,0,0,0,1,0,0,0,1,0,0,0,0,0,1,0,0,0,0,1,0,0,1,0,0,1,0,0,0,0,0,1,0,0,1,0,0,0,1,0,0,0,1,0,1,0,0,0,0,0,0,1,0,0,0,1,1,0,0,0,0,1,0,0,1,0,0,0,0,0,1,0,0,0,1,0,0,1,0,0,0,0,1,0,0,0,0,1,0,0,1,0,1,0,0,0,0,0,1,0,0,1,0,0,0,1,0,0,1,0,0,0,0,1,0,0,0,0,0,1,0,0,1,0,0,1,0,0,0,0,1,0,0,0,0,1,0,1,0,0,0,1,0,0,1,0,0,0,0,0,1,0,0,1,0,0,0,1,0,0,0,0,0,1,0,0,0,1,0,0,0,1,0,0,0,1,0,0,0,1,0,0,0,1,0,0,0,1,0,0,0,1,0,0,0,1,0,0,0,1,0,0,0,1,0,0,0,1,0,0,0,1,0,0,0,1,0,0,0,1,0,0,0,1,0,0,0,1,0,0,0,1,0,0,1,0,1,0,0,0,2158.51,1960.7,7238.85,53.3,46.7,4.4,1000,1.9933,0.0150300601202404,0.0080160320641282,0.0160320641282565,0.0100200400801603,0.0190380761523046,0.0140280561122244,0.0060120240480961,0.0140280561122244,0.0150300601202404,0.0270541082164328,0.0190380761523046,0.0180360721442885,0.003006012024048,0.0090180360721442,0.0070140280561122,0.0180360721442885,0.0160320641282565,0.0240480961923847,0.0270541082164328,0.0070140280561122,0.0260521042084168,0.0170340681362725,0.0140280561122244,0.0300601202404809,0.0110220440881763,0.0160320641282565,0.0100200400801603,0.0070140280561122,0.0080160320641282,0.0380761523046092,0.0240480961923847,0.0110220440881763,0.0090180360721442,0.0150300601202404,0.0210420841683366,0.0160320641282565,0.0160320641282565,0.033066132264529,0.0130260521042084,0.0190380761523046,0.0170340681362725,0.0190380761523046,0.0130260521042084,0.0090180360721442,0.0090180360721442,0.0090180360721442,0.0210420841683366,0.0070140280561122,0.0090180360721442,0.0060120240480961,0.0150300601202404,0.0040080160320641,0.0130260521042084,0.0230460921843687,0.0110220440881763,0.0180360721442885,0.0180360721442885,0.0190380761523046,0.0160320641282565,0.0130260521042084,0.0140280561122244,0.0090180360721442,0.0140280561122244,0.0460921843687374,4.9,5.31,7.91,3.7,7.41,8.71,4.4,8.11,6.11,8.11,5.81,4.7,3.4,6.51,6.61,8.31,0,-1,0,0,-1,0,0,-1,0,0,-1,0,70.79,53.07
ENSG00000003987,0,0,1,0,0,0,0,1,0,0,1,0,0,0,1,0,0,1,0,0,0,0,0,1,0,0,0,1,0,0,0,1,1,0,0,0,0,0,0,1,0,0,1,0,0,0,0,1,0,0,1,0,1,0,0,0,0,1,0,0,1,0,0,0,1,0,0,0,0,1,0,0,1,0,0,0,1,0,0,0,0,1,0,0,1,0,0,0,1,0,0,0,0,1,0,0,0,0,1,0,1,0,0,0,1,0,0,0,1,0,0,0,0,0,1,0,0,0,0,1,0,0,1,0,0,0,0,1,0,0,0,1,0,1,0,0,0,0,0,1,0,0,0,1,0,0,0,1,0,0,0,1,0,1,0,0,1,0,0,0,0,1,0,0,0,0,0,1,0,0,0,1,0,1,0,0,0,1,0,0,1,0,0,0,1,0,0,0,1,0,0,0,1,0,0,0,0,0,1,0,1,0,0,0,1,0,0,0,0,0,0,1,0,1,0,0,1,0,0,0,0,0,1,0,0,1,0,0,0,0,0,1,0,0,1,0,0,0,0,1,0,0,1,0,0,0,1,0,0,1,0,0,0,0,0,1,0,0,0,1,0,0,0,1,0,1,0,0,0,1,0,0,1,0,0,0,0,0,1,0,1,0,0,0,0,0,1,0,0,0,0,1,1,0,0,0,0,0,1,0,0,0,0,1,0,0,0,1,0,1,0,0,0,0,0,1,0,0,0,1,0,1,0,0,0,0,0,1,1,0,0,0,1,0,0,0,0,0,0,1,1,0,0,0,1,0,0,0,0,0,0,1,0,0,1,0,0,0,0,1,1,0,0,0,1,0,0,0,1,0,0,0,0,1,0,0,0,0,0,1,1,0,0,0,1,0,0,0,0,0,0,1,0,0,1,0,0,0,1,0,3850.0,3652.18,1.0,47.2,52.8,2.9,1000,1.9918,0.0541082164328657,0.0190380761523046,0.0200400801603206,0.0250501002004008,0.0180360721442885,0.0130260521042084,0.0060120240480961,0.0120240480961923,0.0220440881763527,0.0190380761523046,0.0220440881763527,0.0140280561122244,0.0090180360721442,0.0100200400801603,0.0190380761523046,0.0140280561122244,0.0210420841683366,0.0160320641282565,0.0200400801603206,0.0050100200400801,0.0200400801603206,0.0230460921843687,0.0110220440881763,0.0180360721442885,0.0040080160320641,0.0140280561122244,0.0070140280561122,0.0040080160320641,0.0190380761523046,0.0150300601202404,0.0210420841683366,0.0180360721442885,0.0220440881763527,0.0060120240480961,0.0250501002004008,0.0080160320641282,0.0170340681362725,0.0220440881763527,0.0080160320641282,0.0180360721442885,0.0220440881763527,0.0180360721442885,0.0100200400801603,0.0090180360721442,0.0150300601202404,0.0080160320641282,0.0190380761523046,0.0080160320641282,0.0210420841683366,0.0080160320641282,0.0120240480961923,0.0140280561122244,0.0080160320641282,0.0140280561122244,0.0040080160320641,0.0250501002004008,0.0130260521042084,0.0140280561122244,0.0200400801603206,0.0220440881763527,0.0120240480961923,0.0180360721442885,0.0100200400801603,0.0160320641282565,11.81,4.9,7.71,5.21,6.31,7.21,2.9,7.31,6.11,6.51,5.91,5.01,5.51,5.11,6.91,5.61,0,-1,0,0,-1,0,0,-1,0,0,-1,0,0.01,0.0
ENSG00000003989,0,0,0,1,0,0,0,1,0,0,0,1,1,0,0,0,0,1,0,0,0,0,0,1,0,1,0,0,0,1,0,0,1,0,0,0,1,0,0,0,0,0,0,1,1,0,0,0,0,1,0,0,0,0,0,1,1,0,0,0,0,0,0,1,0,0,1,0,0,1,0,0,1,0,0,0,1,0,0,0,1,0,0,0,0,0,1,0,0,0,0,1,1,0,0,0,1,0,0,0,1,0,0,0,0,0,1,0,0,0,0,1,0,0,1,0,0,0,1,0,1,0,0,0,0,1,0,0,0,1,0,0,0,0,0,1,0,0,0,1,0,0,0,1,0,1,0,0,0,0,0,1,0,0,1,0,0,0,0,1,0,1,0,0,1,0,0,0,1,0,0,0,1,0,0,0,0,1,0,0,1,0,0,0,1,0,0,0,1,0,0,0,1,0,0,0,1,0,0,0,0,0,0,1,1,0,0,0,0,0,1,0,0,0,0,1,1,0,0,0,1,0,0,0,0,0,0,1,1,0,0,0,0,0,1,0,0,0,1,0,0,1,0,0,0,1,0,0,0,0,1,0,0,0,1,0,0,0,1,0,0,1,0,0,1,0,0,0,0,0,0,1,0,0,1,0,0,0,1,0,0,0,0,1,0,0,1,0,0,0,1,0,0,1,0,0,0,0,0,1,0,1,0,0,1,0,0,0,1,0,0,0,0,0,1,0,0,1,0,0,0,1,0,0,0,0,0,1,0,0,1,0,0,0,0,1,1,0,0,0,1,0,0,0,0,0,0,1,0,0,0,1,0,1,0,0,0,0,0,1,0,1,0,0,1,0,0,0,0,0,1,0,0,1,0,0,0,1,0,0,0,0,0,1,0,0,1,0,0,0,1,0,0,0,0,1,0,0,1,0,7329.73,7131.91,1938.0,53.4,46.6,5.3,1000,1.9942,0.0270541082164328,0.0140280561122244,0.0100200400801603,0.0150300601202404,0.0250501002004008,0.0140280561122244,0.0070140280561122,0.0140280561122244,0.0120240480961923,0.0200400801603206,0.0160320641282565,0.0130260521042084,0.0120240480961923,0.0080160320641282,0.0060120240480961,0.0230460921843687,0.0180360721442885,0.0300601202404809,0.0170340681362725,0.0100200400801603,0.0210420841683366,0.0390781563126252,0.0190380761523046,0.0170340681362725,0.0040080160320641,0.0200400801603206,0.0210420841683366,0.0080160320641282,0.0090180360721442,0.0170340681362725,0.0180360721442885,0.0180360721442885,0.0090180360721442,0.0100200400801603,0.0210420841683366,0.0060120240480961,0.0140280561122244,0.0290581162324649,0.0190380761523046,0.0180360721442885,0.0180360721442885,0.0250501002004008,0.0230460921843687,0.0090180360721442,0.0100200400801603,0.0100200400801603,0.0160320641282565,0.0090180360721442,0.0120240480961923,0.0060120240480961,0.0130260521042084,0.0180360721442885,0.0150300601202404,0.0150300601202404,0.0080160320641282,0.0130260521042084,0.0120240480961923,0.0150300601202404,0.0150300601202404,0.0150300601202404,0.0180360721442885,0.0160320641282565,0.0170340681362725,0.0220440881763527,6.61,6.01,6.11,4.9,7.51,9.71,5.31,6.21,4.6,8.01,7.51,4.5,4.9,5.11,5.71,7.31,0,-1,0,0,-1,0,0,-1,0,0,-1,0,5.21,3.91
ENSG00000004059,0,0,1,0,1,0,0,0,0,0,1,0,0,0,0,1,0,1,0,0,0,1,0,0,1,0,0,0,0,0,0,1,1,0,0,0,1,0,0,0,1,0,0,0,0,1,0,0,1,0,0,0,1,0,0,0,0,0,0,1,0,0,0,1,0,0,1,0,1,0,0,0,0,0,0,1,0,1,0,0,0,1,0,0,0,0,0,1,1,0,0,0,0,0,1,0,1,0,0,0,1,0,0,0,0,0,1,0,0,1,0,0,0,1,0,0,0,1,0,0,1,0,0,0,0,1,0,0,0,0,0,1,0,0,1,0,0,0,1,0,0,0,1,0,1,0,0,0,1,0,0,0,0,0,0,1,0,1,0,0,0,1,0,0,1,0,0,0,0,0,1,0,1,0,0,0,0,0,1,0,0,0,0,1,1,0,0,0,0,0,1,0,1,0,0,0,0,1,0,0,1,0,0,0,0,0,0,1,1,0,0,0,1,0,0,0,0,1,0,0,1,0,0,0,0,1,0,0,0,1,0,0,0,0,0,1,1,0,0,0,0,1,0,0,0,1,0,0,0,1,0,0,0,0,0,1,0,1,0,0,0,0,1,0,0,1,0,0,0,0,0,1,0,1,0,0,0,1,0,0,1,0,0,0,0,0,0,1,0,0,0,1,0,0,1,0,1,0,0,0,0,0,1,0,1,0,0,0,1,0,0,0,0,0,0,1,0,1,0,0,0,0,0,1,1,0,0,0,0,0,0,1,0,1,0,0,1,0,0,0,0,0,1,0,0,0,0,1,0,1,0,0,0,1,0,0,1,0,0,0,0,0,1,0,0,0,0,1,0,0,0,1,0,1,0,0,1,0,0,0,1,0,0,0,0,1,0,0,0,0,0,1,0,0,1,0,1,0,0,0,991.32,793.51,4796.93,59.0,41.0,5.9,1000,1.9671,0.0170340681362725,0.0120240480961923,0.0230460921843687,0.0170340681362725,0.0130260521042084,0.0160320641282565,0.0100200400801603,0.0130260521042084,0.0180360721442885,0.0250501002004008,0.0270541082164328,0.0150300601202404,0.0040080160320641,0.0100200400801603,0.0120240480961923,0.0090180360721442,0.0220440881763527,0.0180360721442885,0.0260521042084168,0.0070140280561122,0.0280561122244488,0.0260521042084168,0.0180360721442885,0.0220440881763527,0.0060120240480961,0.0200400801603206,0.0280561122244488,0.0050100200400801,0.0180360721442885,0.0170340681362725,0.0160320641282565,0.0100200400801603,0.0200400801603206,0.0150300601202404,0.0250501002004008,0.0080160320641282,0.0220440881763527,0.0300601202404809,0.0220440881763527,0.0130260521042084,0.0270541082164328,0.0350701402805611,0.0380761523046092,0.0100200400801603,0.0040080160320641,0.0100200400801603,0.0120240480961923,0.0100200400801603,0.0100200400801603,0.0070140280561122,0.0110220440881763,0.003006012024048,0.0100200400801603,0.0220440881763527,0.0090180360721442,0.0130260521042084,0.0160320641282565,0.0080160320641282,0.0170340681362725,0.0060120240480961,0.0050100200400801,0.0170340681362725,0.0070140280561122,0.0080160320641282,6.91,5.21,8.51,3.5,7.31,9.41,5.91,6.11,6.81,8.81,11.01,3.6,3.1,5.41,4.7,3.7,0,-1,0,0,-1,0,1,46,2,0,-1,0,115.91,86.9
ENSG00000004139,0,1,0,0,0,1,0,0,0,1,0,0,0,0,0,1,0,1,0,0,0,0,0,1,1,0,0,0,1,0,0,0,0,0,0,1,0,1,0,0,0,1,0,0,0,1,0,0,1,0,0,0,0,0,1,0,0,1,0,0,0,0,0,1,0,0,1,0,1,0,0,0,1,0,0,0,0,0,1,0,0,1,0,0,0,1,0,0,0,0,0,1,0,0,1,0,0,0,1,0,0,0,1,0,0,0,0,1,1,0,0,0,1,0,0,0,0,0,0,1,1,0,0,0,0,1,0,0,0,1,0,0,0,0,0,1,0,1,0,0,0,1,0,0,0,1,0,0,1,0,0,0,0,1,0,0,0,1,0,0,1,0,0,0,1,0,0,0,0,0,1,0,1,0,0,0,0,0,1,0,0,0,1,0,0,0,0,1,1,0,0,0,0,0,0,1,0,1,0,0,0,0,0,1,0,0,1,0,0,0,0,1,0,0,1,0,0,0,0,1,0,0,1,0,0,0,1,0,1,0,0,0,1,0,0,0,0,1,0,0,0,1,0,0,0,0,0,1,0,0,1,0,0,0,1,0,0,1,0,0,0,1,0,0,0,1,0,0,0,0,0,1,1,0,0,0,0,0,0,1,0,0,0,1,0,0,0,1,1,0,0,0,0,0,1,0,0,0,1,0,0,0,1,0,1,0,0,0,0,0,0,1,0,0,0,1,1,0,0,0,0,0,1,0,0,0,1,0,0,0,0,1,0,0,1,0,1,0,0,0,0,0,0,1,0,0,1,0,0,0,1,0,1,0,0,0,0,0,1,0,1,0,0,0,0,0,0,1,1,0,0,0,1,0,0,0,1,0,0,0,0,0,0,1,0,0,0,1,0,0,0,1,0,1,0,0,0,1,0,0,4188.5,3990.69,731.68,52.3,47.7,0.9,1000,1.9969,0.0160320641282565,0.0090180360721442,0.0180360721442885,0.0160320641282565,0.0170340681362725,0.0140280561122244,0.002004008016032,0.0080160320641282,0.0220440881763527,0.0170340681362725,0.0400801603206412,0.0160320641282565,0.0090180360721442,0.0190380761523046,0.0150300601202404,0.0120240480961923,0.0190380761523046,0.0130260521042084,0.032064128256513,0.0170340681362725,0.0310621242484969,0.0260521042084168,0.003006012024048,0.0290581162324649,0.002004008016032,0.001002004008016,0.001002004008016,0.0050100200400801,0.0100200400801603,0.0200400801603206,0.0260521042084168,0.0140280561122244,0.0120240480961923,0.0110220440881763,0.0310621242484969,0.0150300601202404,0.0170340681362725,0.0250501002004008,0.0,0.0130260521042084,0.0270541082164328,0.0220440881763527,0.0280561122244488,0.0210420841683366,0.0090180360721442,0.0130260521042084,0.0180360721442885,0.0110220440881763,0.0120240480961923,0.0080160320641282,0.0140280561122244,0.0070140280561122,0.0160320641282565,0.0230460921843687,0.0040080160320641,0.0210420841683366,0.0180360721442885,0.0150300601202404,0.0290581162324649,0.0090180360721442,0.0130260521042084,0.0120240480961923,0.0120240480961923,0.0130260521042084,5.91,4.1,9.51,5.51,8.11,8.91,0.9,7.11,6.91,5.51,9.81,5.11,4.1,6.41,7.11,5.01,0,-1,0,0,-1,0,0,-1,0,0,-1,0,3.52,2.64
ENSG00000004142,0,0,0,1,1,0,0,0,1,0,0,0,0,0,0,1,0,0,0,1,0,0,1,0,1,0,0,0,0,0,1,0,0,1,0,0,1,0,0,0,0,0,1,0,0,0,0,1,0,1,0,0,0,0,0,1,1,0,0,0,0,1,0,0,0,1,0,0,0,1,0,0,0,0,0,1,0,0,0,1,0,0,0,1,0,0,1,0,0,1,0,0,1,0,0,0,0,1,0,0,0,0,0,1,0,0,0,1,0,1,0,0,0,0,0,1,0,0,1,0,0,0,1,0,0,1,0,0,0,0,0,1,0,0,1,0,0,0,1,0,0,0,0,1,0,1,0,0,0,0,0,1,1,0,0,0,0,0,0,1,0,0,1,0,0,0,0,1,0,0,0,1,1,0,0,0,0,1,0,0,0,0,0,1,0,0,0,1,0,1,0,0,0,0,0,1,0,0,1,0,0,0,1,0,0,1,0,0,1,0,0,0,1,0,0,0,1,0,0,0,1,0,0,0,0,0,0,1,1,0,0,0,0,1,0,0,0,1,0,0,0,0,0,1,0,0,0,1,1,0,0,0,0,0,0,1,0,0,1,0,0,0,0,1,0,0,1,0,0,1,0,0,0,0,0,1,1,0,0,0,0,0,1,0,0,0,0,1,0,0,0,1,0,0,0,1,0,0,1,0,0,0,0,1,0,1,0,0,0,1,0,0,0,0,0,1,0,0,1,0,0,0,0,1,0,0,0,1,0,1,0,0,0,1,0,0,0,0,0,1,0,0,0,1,0,1,0,0,0,1,0,0,0,1,0,0,0,0,0,1,0,0,0,1,0,0,0,1,1,0,0,0,0,1,0,0,1,0,0,0,0,1,0,0,1,0,0,0,0,0,0,1,1,0,0,0,1,0,0,0,2210.72,2012.89,12583.0,53.1,46.9,4.2,1000,1.993,0.0370741482965931,0.0130260521042084,0.0300601202404809,0.0100200400801603,0.0150300601202404,0.0150300601202404,0.0060120240480961,0.0170340681362725,0.0260521042084168,0.0200400801603206,0.0190380761523046,0.0120240480961923,0.0050100200400801,0.0110220440881763,0.0120240480961923,0.0120240480961923,0.0220440881763527,0.0160320641282565,0.0160320641282565,0.0060120240480961,0.0160320641282565,0.0220440881763527,0.0210420841683366,0.0180360721442885,0.003006012024048,0.0200400801603206,0.0170340681362725,0.002004008016032,0.0160320641282565,0.0250501002004008,0.0180360721442885,0.0200400801603206,0.0220440881763527,0.0180360721442885,0.0220440881763527,0.0130260521042084,0.0130260521042084,0.0220440881763527,0.0100200400801603,0.0250501002004008,0.0300601202404809,0.0180360721442885,0.032064128256513,0.0110220440881763,0.0060120240480961,0.0060120240480961,0.0170340681362725,0.0060120240480961,0.0090180360721442,0.0060120240480961,0.0090180360721442,0.0110220440881763,0.0160320641282565,0.0180360721442885,0.0050100200400801,0.0190380761523046,0.0160320641282565,0.0130260521042084,0.0230460921843687,0.0100200400801603,0.0070140280561122,0.0160320641282565,0.0150300601202404,0.0160320641282565,9.01,5.31,7.71,4.0,6.01,7.71,4.2,7.91,7.51,7.11,9.11,3.5,3.5,5.81,6.21,5.41,0,-1,0,0,-1,0,0,-1,0,0,-1,0,119.86,89.86
ENSG00000004399,0,0,1,0,0,1,0,0,0,0,0,1,0,1,0,0,0,1,0,0,1,0,0,0,0,0,1,0,0,0,1,0,1,0,0,0,0,1,0,0,0,1,0,0,1,0,0,0,1,0,0,0,0,0,1,0,0,0,1,0,0,1,0,0,0,1,0,0,0,0,0,1,0,0,0,1,0,0,1,0,0,1,0,0,0,0,0,1,0,1,0,0,0,0,0,1,0,0,1,0,0,0,1,0,0,1,0,0,0,0,0,1,1,0,0,0,0,0,0,1,0,1,0,0,0,0,1,0,0,0,1,0,0,0,0,1,0,0,0,1,0,0,1,0,0,0,0,1,0,0,1,0,0,0,1,0,0,0,1,0,0,1,0,0,0,1,0,0,1,0,0,0,0,1,0,0,0,0,0,1,0,0,1,0,0,0,1,0,0,1,0,0,0,0,0,1,0,0,1,0,0,0,1,0,1,0,0,0,1,0,0,0,0,1,0,0,0,0,0,1,1,0,0,0,0,0,0,1,0,0,0,1,0,0,0,1,0,1,0,0,0,1,0,0,0,0,0,1,0,1,0,0,0,0,0,1,0,1,0,0,0,0,0,1,0,1,0,0,0,1,0,0,1,0,0,0,0,0,0,1,0,0,1,0,0,0,0,1,0,0,0,1,0,0,0,1,0,0,0,1,0,1,0,0,0,1,0,0,0,0,0,1,0,1,0,0,1,0,0,0,0,0,0,1,0,0,0,1,0,0,0,1,1,0,0,0,0,0,0,1,1,0,0,0,0,0,0,1,1,0,0,0,0,0,0,1,0,1,0,0,0,0,0,1,0,0,1,0,1,0,0,0,0,1,0,0,0,1,0,0,0,1,0,0,0,0,0,1,0,0,1,0,1,0,0,0,0,0,1,0,1926.01,1728.21,3387.0,71.2,28.8,9.3,1000,1.807,0.0120240480961923,0.0040080160320641,0.0170340681362725,0.001002004008016,0.0070140280561122,0.0090180360721442,0.0120240480961923,0.0070140280561122,0.0400801603206412,0.0190380761523046,0.0420841683366733,0.0060120240480961,0.002004008016032,0.0040080160320641,0.003006012024048,0.003006012024048,0.003006012024048,0.0080160320641282,0.0220440881763527,0.003006012024048,0.0120240480961923,0.0310621242484969,0.0290581162324649,0.0140280561122244,0.0130260521042084,0.0250501002004008,0.0521042084168336,0.003006012024048,0.0040080160320641,0.0130260521042084,0.0210420841683366,0.003006012024048,0.0180360721442885,0.0220440881763527,0.0671342685370741,0.001002004008016,0.0140280561122244,0.033066132264529,0.0460921843687374,0.0130260521042084,0.0490981963927855,0.0561122244488977,0.0931863727454909,0.0140280561122244,0.001002004008016,0.0100200400801603,0.0120240480961923,0.0050100200400801,0.001002004008016,0.001002004008016,0.001002004008016,0.0070140280561122,0.003006012024048,0.0140280561122244,0.0060120240480961,0.0070140280561122,0.0060120240480961,0.0050100200400801,0.0250501002004008,0.0050100200400801,0.003006012024048,0.003006012024048,0.0050100200400801,0.0080160320641282,3.4,3.5,10.71,1.2,3.6,8.71,9.31,4.1,10.81,10.61,21.22,2.8,1.0,3.0,4.1,1.9,0,-1,0,0,-1,0,1,4,1,0,-1,0,37.58,28.17
ENSG00000004455,0,0,1,0,0,1,0,0,0,1,0,0,0,1,0,0,1,0,0,0,1,0,0,0,1,0,0,0,0,0,0,1,0,0,1,0,0,0,0,1,0,1,0,0,1,0,0,0,0,1,0,0,0,0,0,1,0,0,1,0,0,1,0,0,0,1,0,0,0,0,0,1,0,1,0,0,0,0,0,1,0,1,0,0,0,1,0,0,0,0,1,0,1,0,0,0,0,0,1,0,0,0,0,1,0,1,0,0,1,0,0,0,0,0,1,0,0,0,0,1,0,0,0,1,0,0,1,0,0,1,0,0,0,0,0,1,0,1,0,0,0,1,0,0,0,1,0,0,0,0,0,1,0,1,0,0,0,0,0,1,0,0,1,0,0,0,0,1,1,0,0,0,1,0,0,0,1,0,0,0,1,0,0,0,0,0,0,1,0,0,1,0,0,0,1,0,1,0,0,0,0,0,0,1,0,0,1,0,1,0,0,0,1,0,0,0,0,0,0,1,0,0,0,1,0,0,1,0,0,0,0,1,0,0,0,1,0,0,0,1,0,0,0,1,0,0,1,0,0,0,1,0,1,0,0,0,0,0,1,0,1,0,0,0,0,0,1,0,0,1,0,0,0,1,0,0,0,0,0,1,0,0,0,1,0,1,0,0,0,1,0,0,0,1,0,0,1,0,0,0,0,0,1,0,0,0,0,1,0,0,0,1,0,1,0,0,0,0,0,1,0,0,1,0,1,0,0,0,1,0,0,0,1,0,0,0,0,0,0,1,0,0,0,1,0,1,0,0,0,0,0,1,0,0,1,0,0,0,1,0,1,0,0,0,0,0,0,1,0,0,0,1,0,0,0,1,0,1,0,0,1,0,0,0,0,0,1,0,0,0,1,0,1,0,0,0,1,0,0,0,1465.89,1268.07,7503.63,62.6,37.4,6.4,1000,1.9524,0.0140280561122244,0.0100200400801603,0.0100200400801603,0.0090180360721442,0.0080160320641282,0.0140280561122244,0.0070140280561122,0.0100200400801603,0.0180360721442885,0.0160320641282565,0.0300601202404809,0.0150300601202404,0.0050100200400801,0.0060120240480961,0.0050100200400801,0.0090180360721442,0.0090180360721442,0.0120240480961923,0.0280561122244488,0.0080160320641282,0.0270541082164328,0.0511022044088176,0.0300601202404809,0.0260521042084168,0.0110220440881763,0.0310621242484969,0.0170340681362725,0.0050100200400801,0.0080160320641282,0.0280561122244488,0.0210420841683366,0.0170340681362725,0.0130260521042084,0.0100200400801603,0.033066132264529,0.0060120240480961,0.0150300601202404,0.0420841683366733,0.0130260521042084,0.0220440881763527,0.0190380761523046,0.0300601202404809,0.0350701402805611,0.0160320641282565,0.0050100200400801,0.0140280561122244,0.0150300601202404,0.0080160320641282,0.0070140280561122,0.0070140280561122,0.0080160320641282,0.002004008016032,0.0070140280561122,0.0270541082164328,0.0140280561122244,0.0170340681362725,0.0140280561122244,0.0140280561122244,0.0180360721442885,0.0060120240480961,0.0060120240480961,0.0170340681362725,0.0110220440881763,0.0120240480961923,4.3,3.9,7.91,2.5,5.71,13.41,6.41,7.51,6.21,9.21,10.01,4.2,2.4,6.51,5.21,4.6,0,-1,0,0,-1,0,0,-1,0,1,47,1,113.46,85.06
ENSG00000004468,1,0,0,0,0,1,0,0,1,0,0,0,0,1,0,0,1,0,0,0,0,0,1,0,0,0,0,1,0,1,0,0,0,1,0,0,1,0,0,0,1,0,0,0,1,0,0,0,1,0,0,0,1,0,0,0,0,0,1,0,0,0,0,1,0,1,0,0,1,0,0,0,0,0,0,1,0,1,0,0,0,1,0,0,0,0,0,1,0,0,1,0,0,0,0,1,0,1,0,0,0,0,0,1,0,0,0,1,1,0,0,0,0,1,0,0,1,0,0,0,0,0,1,0,1,0,0,0,0,0,1,0,0,1,0,0,0,0,0,1,1,0,0,0,0,0,0,1,0,0,1,0,0,0,1,0,0,0,1,0,0,0,0,1,0,0,1,0,1,0,0,0,0,0,0,1,0,1,0,0,0,0,0,1,0,0,1,0,0,0,1,0,0,0,0,1,0,1,0,0,0,0,0,1,0,1,0,0,0,1,0,0,0,0,0,1,0,0,1,0,0,1,0,0,0,0,0,1,1,0,0,0,0,1,0,0,0,0,0,1,0,0,0,1,0,0,0,1,0,1,0,0,0,1,0,0,0,0,1,0,1,0,0,0,1,0,0,0,0,1,0,0,0,0,0,1,0,0,0,1,0,1,0,0,0,0,0,1,0,0,1,0,0,0,0,1,0,0,0,1,0,1,0,0,0,0,0,1,0,0,1,0,0,0,0,1,0,0,0,1,0,0,0,1,0,1,0,0,0,1,0,0,0,1,0,0,0,0,0,1,0,1,0,0,1,0,0,0,1,0,0,0,0,1,0,0,0,1,0,0,0,1,0,0,0,0,0,1,0,1,0,0,0,0,0,1,1,0,0,0,0,0,1,0,0,1,0,0,0,1,0,0,0,0,0,1,1,0,0,0,4971.85,4774.03,2341.0,46.4,53.6,1.0,1000,1.9956,0.0180360721442885,0.0170340681362725,0.0230460921843687,0.0090180360721442,0.0200400801603206,0.0090180360721442,0.003006012024048,0.0230460921843687,0.0250501002004008,0.0160320641282565,0.0270541082164328,0.0190380761523046,0.0070140280561122,0.0100200400801603,0.0130260521042084,0.0190380761523046,0.0120240480961923,0.0170340681362725,0.0240480961923847,0.0170340681362725,0.0200400801603206,0.0180360721442885,0.0040080160320641,0.0200400801603206,0.001002004008016,0.002004008016032,0.0040080160320641,0.003006012024048,0.0120240480961923,0.0210420841683366,0.0260521042084168,0.0260521042084168,0.0160320641282565,0.0070140280561122,0.0270541082164328,0.0090180360721442,0.0170340681362725,0.0170340681362725,0.001002004008016,0.0180360721442885,0.0170340681362725,0.0110220440881763,0.0110220440881763,0.0200400801603206,0.0160320641282565,0.0140280561122244,0.0190380761523046,0.0150300601202404,0.0210420841683366,0.0130260521042084,0.0130260521042084,0.0140280561122244,0.0130260521042084,0.0180360721442885,0.002004008016032,0.0240480961923847,0.0160320641282565,0.0240480961923847,0.0180360721442885,0.0220440881763527,0.0260521042084168,0.0120240480961923,0.0220440881763527,0.0200400801603206,6.71,5.51,8.71,4.9,7.01,6.21,1.0,8.51,5.91,5.31,6.01,6.41,6.11,5.71,8.01,8.01,0,-1,0,0,-1,0,0,-1,0,0,-1,0,9.4,7.05
ENSG00000004478,0,0,1,0,0,1,0,0,0,1,0,0,1,0,0,0,0,0,1,0,0,0,0,1,1,0,0,0,1,0,0,0,0,1,0,0,0,0,0,1,1,0,0,0,0,0,0,1,0,0,0,1,0,0,1,0,0,0,1,0,0,0,1,0,1,0,0,0,0,1,0,0,1,0,0,0,0,0,0,1,0,1,0,0,1,0,0,0,0,1,0,0,0,0,0,1,0,1,0,0,1,0,0,0,0,1,0,0,0,1,0,0,1,0,0,0,0,0,1,0,0,0,1,0,0,1,0,0,1,0,0,0,0,1,0,0,0,0,0,1,1,0,0,0,0,0,0,1,0,0,1,0,0,1,0,0,0,0,0,1,1,0,0,0,1,0,0,0,1,0,0,0,0,1,0,0,0,0,0,1,0,0,1,0,0,0,1,0,0,0,1,0,0,0,1,0,0,0,0,1,0,0,0,1,1,0,0,0,0,0,1,0,0,0,1,0,0,0,0,1,0,0,1,0,0,1,0,0,0,0,0,1,0,0,1,0,1,0,0,0,0,0,1,0,0,1,0,0,1,0,0,0,1,0,0,0,1,0,0,0,1,0,0,0,0,1,0,0,0,1,0,0,1,0,0,0,0,0,1,0,0,0,1,0,0,1,0,0,0,1,0,0,0,1,0,0,0,1,0,0,0,0,0,1,0,1,0,0,0,0,0,1,0,1,0,0,0,0,0,1,1,0,0,0,0,0,1,0,1,0,0,0,0,0,0,1,0,0,1,0,0,0,1,0,0,1,0,0,0,0,0,1,0,1,0,0,0,0,0,1,0,1,0,0,0,0,0,1,1,0,0,0,0,0,1,0,0,0,1,0,0,0,0,1,0,1,0,0,0,1,0,0,0,1,0,0,1,0,0,0,2159.46,1961.64,14080.0,63.0,37.0,7.4,1000,1.9457,0.032064128256513,0.0110220440881763,0.0170340681362725,0.0060120240480961,0.0070140280561122,0.0150300601202404,0.0060120240480961,0.0120240480961923,0.0160320641282565,0.0200400801603206,0.0300601202404809,0.0100200400801603,0.003006012024048,0.0140280561122244,0.0050100200400801,0.0050100200400801,0.0080160320641282,0.0170340681362725,0.0210420841683366,0.0110220440881763,0.0230460921843687,0.0460921843687374,0.033066132264529,0.0160320641282565,0.0130260521042084,0.034068136272545,0.0240480961923847,0.003006012024048,0.0070140280561122,0.0270541082164328,0.0250501002004008,0.0100200400801603,0.0230460921843687,0.0090180360721442,0.0280561122244488,0.0070140280561122,0.0230460921843687,0.032064128256513,0.0210420841683366,0.0210420841683366,0.0260521042084168,0.0270541082164328,0.0470941883767535,0.0130260521042084,0.003006012024048,0.0140280561122244,0.0120240480961923,0.0050100200400801,0.003006012024048,0.003006012024048,0.0100200400801603,0.003006012024048,0.0050100200400801,0.0250501002004008,0.0140280561122244,0.0200400801603206,0.0120240480961923,0.0150300601202404,0.0120240480961923,0.0080160320641282,0.0060120240480961,0.0090180360721442,0.0050100200400801,0.0100200400801603,6.61,4.0,7.61,2.7,5.81,11.81,7.41,6.91,6.71,9.71,11.31,3.4,1.9,6.41,4.7,3.0,0,-1,0,1,70,1,1,62,1,1,70,1,137.63,103.18
ENSG00000004487,0,0,0,1,1,0,0,0,0,0,0,1,0,0,1,0,0,0,0,1,1,0,0,0,1,0,0,0,0,1,0,0,0,1,0,0,1,0,0,0,0,0,0,1,0,1,0,0,1,0,0,0,0,1,0,0,0,1,0,0,0,1,0,0,0,0,0,1,1,0,0,0,1,0,0,0,0,0,0,1,0,1,0,0,1,0,0,0,1,0,0,0,0,0,1,0,1,0,0,0,0,0,0,1,1,0,0,0,0,0,0,1,1,0,0,0,1,0,0,0,1,0,0,0,1,0,0,0,0,1,0,0,1,0,0,0,0,0,0,1,0,0,0,1,0,0,0,1,0,1,0,0,0,1,0,0,1,0,0,0,0,0,0,1,0,1,0,0,1,0,0,0,0,1,0,0,0,1,0,0,0,1,0,0,0,1,0,0,0,1,0,0,1,0,0,0,0,0,1,0,0,1,0,0,1,0,0,0,1,0,0,0,0,0,1,0,0,0,0,1,0,0,0,1,0,1,0,0,0,0,0,1,0,0,0,1,0,0,0,1,0,1,0,0,0,0,0,1,0,0,0,1,0,0,1,0,0,0,0,1,0,0,0,1,0,1,0,0,0,0,0,1,0,0,0,1,0,0,0,1,0,0,0,1,0,0,1,0,0,1,0,0,1,0,0,0,0,0,1,0,0,0,0,1,0,1,0,0,1,0,0,0,1,0,0,0,0,1,0,0,0,1,0,0,0,1,0,0,0,1,0,0,0,1,0,0,0,0,1,0,1,0,0,0,0,1,0,0,0,1,0,0,0,1,0,0,0,1,0,0,0,1,0,0,1,0,0,0,0,0,0,1,0,1,0,0,0,0,0,1,0,1,0,0,1,0,0,0,0,0,1,0,0,0,1,0,0,1,0,0,2028.8,1831.01,7497.0,46.2,53.8,3.3,1000,1.9923,0.0270541082164328,0.0190380761523046,0.0290581162324649,0.0220440881763527,0.0140280561122244,0.0170340681362725,0.0130260521042084,0.0150300601202404,0.0230460921843687,0.0130260521042084,0.0150300601202404,0.0180360721442885,0.0110220440881763,0.0060120240480961,0.0220440881763527,0.0220440881763527,0.0200400801603206,0.0110220440881763,0.0130260521042084,0.0190380761523046,0.0210420841683366,0.0210420841683366,0.0080160320641282,0.0110220440881763,0.0110220440881763,0.0110220440881763,0.0060120240480961,0.0050100200400801,0.0140280561122244,0.0130260521042084,0.0150300601202404,0.0140280561122244,0.0270541082164328,0.0180360721442885,0.0160320641282565,0.0100200400801603,0.0160320641282565,0.0100200400801603,0.0060120240480961,0.0140280561122244,0.0250501002004008,0.0100200400801603,0.0350701402805611,0.0110220440881763,0.0120240480961923,0.0100200400801603,0.0120240480961923,0.0170340681362725,0.0230460921843687,0.0110220440881763,0.0110220440881763,0.0100200400801603,0.0120240480961923,0.0130260521042084,0.0060120240480961,0.0160320641282565,0.0120240480961923,0.0120240480961923,0.0250501002004008,0.0170340681362725,0.0170340681362725,0.0180360721442885,0.0170340681362725,0.0300601202404809,9.71,5.91,6.91,6.11,6.31,6.11,3.3,5.61,7.11,4.6,8.11,5.11,5.51,4.7,6.61,8.31,0,-1,0,0,-1,0,1,67,1,0,-1,0,78.51,58.86
ENSG00000004534,0,0,0,1,0,1,0,0,0,0,0,1,0,1,0,0,0,1,0,0,0,0,0,1,0,0,1,0,1,0,0,0,0,1,0,0,0,1,0,0,0,0,0,1,0,1,0,0,0,0,1,0,0,0,0,1,0,0,1,0,1,0,0,0,0,0,0,1,0,1,0,0,0,1,0,0,1,0,0,0,0,1,0,0,0,1,0,0,0,1,0,0,0,0,1,0,0,1,0,0,0,1,0,0,0,0,0,1,0,1,0,0,0,0,1,0,0,0,1,0,0,1,0,0,0,1,0,0,0,0,0,1,0,1,0,0,0,1,0,0,0,1,0,0,1,0,0,0,0,1,0,0,1,0,0,0,0,0,1,0,0,0,0,1,0,0,1,0,0,1,0,0,0,0,0,1,0,0,1,0,0,0,1,0,0,0,1,0,1,0,0,0,0,0,0,1,0,0,0,1,1,0,0,0,0,1,0,0,1,0,0,0,0,0,1,0,0,0,0,1,0,1,0,0,0,0,1,0,0,0,0,1,0,0,1,0,1,0,0,0,0,0,1,0,0,1,0,0,0,1,0,0,1,0,0,0,0,1,0,0,0,0,0,1,0,0,1,0,0,1,0,0,0,0,1,0,0,1,0,0,0,1,0,0,0,1,0,0,1,0,0,0,1,0,0,0,0,1,0,0,0,0,0,1,0,0,0,1,0,1,0,0,0,0,0,1,0,0,0,1,0,0,0,1,0,1,0,0,0,0,0,1,0,0,0,1,0,0,0,1,0,1,0,0,0,0,0,1,0,0,0,1,0,0,0,1,0,1,0,0,0,0,0,1,0,0,0,1,0,0,0,1,0,1,0,0,0,0,0,1,0,0,0,1,0,0,0,1,0,0,0,1,0,0,1,0,1,0,0,0,2470.05,2272.23,3827.83,56.0,44.0,4.2,1000,1.9845,0.0110220440881763,0.0140280561122244,0.0150300601202404,0.0040080160320641,0.0140280561122244,0.0220440881763527,0.0050100200400801,0.0160320641282565,0.0090180360721442,0.0220440881763527,0.0240480961923847,0.0170340681362725,0.001002004008016,0.0050100200400801,0.0080160320641282,0.0130260521042084,0.0200400801603206,0.0250501002004008,0.0270541082164328,0.0040080160320641,0.032064128256513,0.0190380761523046,0.0120240480961923,0.0290581162324649,0.0080160320641282,0.0150300601202404,0.0130260521042084,0.0060120240480961,0.0080160320641282,0.033066132264529,0.0290581162324649,0.0220440881763527,0.0060120240480961,0.0080160320641282,0.0210420841683366,0.0140280561122244,0.0160320641282565,0.033066132264529,0.0160320641282565,0.0210420841683366,0.0180360721442885,0.0280561122244488,0.0160320641282565,0.0140280561122244,0.0110220440881763,0.0110220440881763,0.0180360721442885,0.0060120240480961,0.0070140280561122,0.0100200400801603,0.0090180360721442,0.0050100200400801,0.0150300601202404,0.0180360721442885,0.0090180360721442,0.0260521042084168,0.0140280561122244,0.0210420841683366,0.0230460921843687,0.0090180360721442,0.0110220440881763,0.0180360721442885,0.0120240480961923,0.032064128256513,4.4,5.71,7.21,2.7,7.71,9.21,4.2,9.21,4.9,8.61,7.61,4.6,3.1,6.81,6.71,7.31,0,-1,0,0,-1,0,1,37,1,0,-1,0,32.3,24.22
ENSG00000004660,0,0,1,0,0,1,0,0,0,0,0,1,0,1,0,0,1,0,0,0,0,1,0,0,0,0,0,1,0,0,1,0,0,1,0,0,1,0,0,0,0,0,1,0,0,1,0,0,0,1,0,0,0,0,0,1,0,1,0,0,0,1,0,0,1,0,0,0,0,0,1,0,0,1,0,0,0,1,0,0,0,1,0,0,0,1,0,0,0,0,0,1,0,0,1,0,1,0,0,0,0,0,1,0,0,1,0,0,0,0,0,1,0,1,0,0,1,0,0,0,1,0,0,0,0,0,1,0,0,1,0,0,1,0,0,0,1,0,0,0,0,0,0,1,0,0,0,1,0,1,0,0,0,0,0,1,0,1,0,0,0,1,0,0,0,0,0,1,0,0,1,0,0,1,0,0,0,1,0,0,0,0,0,1,0,1,0,0,1,0,0,0,0,0,1,0,0,1,0,0,0,1,0,0,0,0,0,1,0,1,0,0,0,1,0,0,0,1,0,0,1,0,0,0,1,0,0,0,0,0,1,0,0,0,0,1,1,0,0,0,0,0,1,0,0,1,0,0,0,0,0,1,1,0,0,0,0,0,1,0,0,0,1,0,1,0,0,0,0,0,0,1,0,0,0,1,1,0,0,0,0,1,0,0,1,0,0,0,0,0,1,0,0,0,1,0,0,0,0,1,0,0,1,0,0,1,0,0,0,1,0,0,0,1,0,0,1,0,0,0,0,1,0,0,0,1,0,0,1,0,0,0,0,1,0,0,0,1,0,0,1,0,0,0,0,1,0,0,0,0,1,0,0,1,0,0,0,1,0,0,0,0,0,1,0,0,0,1,0,0,1,0,0,1,0,0,0,0,0,1,1,0,0,0,1,0,0,0,0,0,0,1,0,0,0,1,0,0,0,1,3544.98,3347.16,1023.0,52.7,47.3,0.6,1000,1.9541,0.0090180360721442,0.0090180360721442,0.0190380761523046,0.0090180360721442,0.0180360721442885,0.0180360721442885,0.001002004008016,0.0180360721442885,0.0150300601202404,0.0230460921843687,0.0160320641282565,0.0120240480961923,0.0050100200400801,0.0050100200400801,0.0040080160320641,0.0160320641282565,0.0210420841683366,0.0250501002004008,0.032064128256513,0.0090180360721442,0.0400801603206412,0.0450901803607214,0.001002004008016,0.0521042084168336,0.001002004008016,0.002004008016032,0.002004008016032,0.001002004008016,0.0090180360721442,0.0370741482965931,0.033066132264529,0.032064128256513,0.0070140280561122,0.0140280561122244,0.0060120240480961,0.0070140280561122,0.0130260521042084,0.0370741482965931,0.002004008016032,0.0150300601202404,0.0090180360721442,0.0160320641282565,0.0100200400801603,0.0110220440881763,0.0040080160320641,0.0120240480961923,0.0130260521042084,0.0090180360721442,0.0090180360721442,0.0070140280561122,0.0090180360721442,0.0050100200400801,0.0160320641282565,0.0380761523046092,0.002004008016032,0.0260521042084168,0.0090180360721442,0.0250501002004008,0.0180360721442885,0.0140280561122244,0.0120240480961923,0.0280561122244488,0.0160320641282565,0.0400801603206412,4.6,5.51,6.61,3.0,8.71,13.81,0.6,11.11,3.4,6.71,4.6,3.8,3.0,8.21,6.61,9.71,0,-1,0,0,-1,0,0,-1,0,1,37,1,5.86,4.39
ENSG00000004700,1,0,0,0,1,0,0,0,1,0,0,0,0,0,0,1,1,0,0,0,0,0,1,0,0,0,1,0,0,1,0,0,0,1,0,0,0,0,0,1,0,0,1,0,0,0,1,0,1,0,0,0,0,0,1,0,1,0,0,0,1,0,0,0,0,1,0,0,0,0,0,1,0,1,0,0,0,0,0,1,0,0,1,0,0,0,0,1,0,0,1,0,0,0,1,0,0,1,0,0,1,0,0,0,0,0,1,0,0,0,1,0,0,1,0,0,1,0,0,0,0,0,1,0,1,0,0,0,0,0,1,0,1,0,0,0,0,0,1,0,0,1,0,0,0,0,1,0,1,0,0,0,0,0,0,1,0,0,1,0,0,1,0,0,0,0,0,1,1,0,0,0,1,0,0,0,1,0,0,0,1,0,0,0,0,0,0,1,1,0,0,0,1,0,0,0,0,0,0,1,1,0,0,0,1,0,0,0,1,0,0,0,1,0,0,0,0,1,0,0,1,0,0,0,1,0,0,0,0,0,1,0,0,1,0,0,0,1,0,0,1,0,0,0,0,1,0,0,1,0,0,0,1,0,0,0,1,0,0,0,0,0,1,0,0,1,0,0,1,0,0,0,0,1,0,0,1,0,0,0,1,0,0,0,0,0,0,1,1,0,0,0,0,0,0,1,1,0,0,0,0,1,0,0,1,0,0,0,1,0,0,0,0,0,0,1,1,0,0,0,0,1,0,0,0,0,0,1,1,0,0,0,1,0,0,0,0,1,0,0,0,0,1,0,1,0,0,0,1,0,0,0,1,0,0,0,0,0,0,1,1,0,0,0,0,0,0,1,1,0,0,0,0,0,0,1,0,1,0,0,0,1,0,0,0,0,0,1,0,0,0,1,0,0,0,1,1,0,0,0,3058.4,2860.58,6508.0,54.4,45.6,5.0,1000,1.9821,0.033066132264529,0.0150300601202404,0.0220440881763527,0.0180360721442885,0.0190380761523046,0.0170340681362725,0.0060120240480961,0.0150300601202404,0.0230460921843687,0.0300601202404809,0.0220440881763527,0.0100200400801603,0.0140280561122244,0.0070140280561122,0.0120240480961923,0.0080160320641282,0.0200400801603206,0.0180360721442885,0.0270541082164328,0.0120240480961923,0.0270541082164328,0.0360721442885771,0.0160320641282565,0.0150300601202404,0.0140280561122244,0.0160320641282565,0.0140280561122244,0.0060120240480961,0.0100200400801603,0.0180360721442885,0.0150300601202404,0.0180360721442885,0.0180360721442885,0.0160320641282565,0.0250501002004008,0.0060120240480961,0.0190380761523046,0.0260521042084168,0.0220440881763527,0.0150300601202404,0.0170340681362725,0.0240480961923847,0.0220440881763527,0.0120240480961923,0.0060120240480961,0.0110220440881763,0.0170340681362725,0.0060120240480961,0.0160320641282565,0.0080160320641282,0.0110220440881763,0.0050100200400801,0.0120240480961923,0.0150300601202404,0.0060120240480961,0.0160320641282565,0.0110220440881763,0.0120240480961923,0.0170340681362725,0.0120240480961923,0.0100200400801603,0.0130260521042084,0.0080160320641282,0.0110220440881763,8.81,5.71,8.51,4.1,7.71,9.41,5.01,6.11,6.51,8.21,7.51,4.0,4.0,4.9,5.21,4.3,0,-1,0,1,19,3,0,-1,0,1,19,3,43.62,32.7
ENSG00000004766,1,0,0,0,1,0,0,0,0,0,0,1,1,0,0,0,0,1,0,0,1,0,0,0,0,0,0,1,0,0,1,0,1,0,0,0,1,0,0,0,1,0,0,0,1,0,0,0,0,0,0,1,0,1,0,0,0,0,0,1,0,0,0,1,1,0,0,0,1,0,0,0,0,1,0,0,1,0,0,0,0,1,0,0,1,0,0,0,0,0,0,1,0,1,0,0,0,0,0,1,0,0,1,0,1,0,0,0,0,0,0,1,0,0,1,0,1,0,0,0,0,1,0,0,0,1,0,0,0,0,1,0,1,0,0,0,0,0,0,1,0,0,0,1,1,0,0,0,1,0,0,0,0,0,0,1,0,1,0,0,0,1,0,0,0,0,0,1,0,0,0,1,0,1,0,0,1,0,0,0,0,0,1,0,0,0,0,1,0,0,0,1,0,0,0,1,0,1,0,0,0,0,0,1,1,0,0,0,0,1,0,0,0,0,0,1,0,0,0,1,0,0,1,0,0,1,0,0,1,0,0,0,0,1,0,0,1,0,0,0,0,0,0,1,0,1,0,0,0,0,0,1,0,0,1,0,0,1,0,0,1,0,0,0,0,0,1,0,0,0,0,1,1,0,0,0,1,0,0,0,0,0,0,1,0,1,0,0,0,0,0,1,0,0,0,1,1,0,0,0,0,0,1,0,0,0,1,0,0,1,0,0,1,0,0,0,1,0,0,0,0,0,1,0,0,0,0,1,0,0,0,1,0,1,0,0,0,1,0,0,0,0,0,1,0,0,0,1,1,0,0,0,1,0,0,0,0,0,0,1,0,0,0,1,0,0,0,1,0,1,0,0,0,0,1,0,0,1,0,0,0,1,0,0,1,0,0,0,0,0,0,1,1,0,0,0,0,1,0,0,2767.41,2569.6,1890.0,46.8,53.2,3.8,1000,1.9873,0.0240480961923847,0.0100200400801603,0.0150300601202404,0.0160320641282565,0.0140280561122244,0.0170340681362725,0.002004008016032,0.0150300601202404,0.0140280561122244,0.0140280561122244,0.0190380761523046,0.0230460921843687,0.0150300601202404,0.0150300601202404,0.0050100200400801,0.0160320641282565,0.0110220440881763,0.0140280561122244,0.0220440881763527,0.0120240480961923,0.0140280561122244,0.0220440881763527,0.0120240480961923,0.0270541082164328,0.0060120240480961,0.0140280561122244,0.0070140280561122,0.0110220440881763,0.0140280561122244,0.0220440881763527,0.0180360721442885,0.034068136272545,0.0090180360721442,0.0130260521042084,0.0140280561122244,0.0100200400801603,0.0130260521042084,0.0150300601202404,0.0080160320641282,0.0180360721442885,0.0100200400801603,0.0140280561122244,0.0140280561122244,0.0110220440881763,0.0130260521042084,0.0160320641282565,0.0100200400801603,0.0190380761523046,0.0200400801603206,0.0120240480961923,0.0190380761523046,0.0130260521042084,0.0180360721442885,0.0210420841683366,0.0160320641282565,0.0280561122244488,0.0160320641282565,0.0120240480961923,0.0090180360721442,0.0130260521042084,0.0220440881763527,0.0300601202404809,0.0170340681362725,0.0310621242484969,6.51,4.9,7.01,5.11,5.91,7.51,3.8,8.81,4.6,5.41,4.9,5.81,6.41,8.31,5.01,10.01,0,-1,0,0,-1,0,0,-1,0,0,-1,0,14.1,10.57
ENSG00000004776,0,0,0,1,0,0,0,1,0,1,0,0,0,1,0,0,1,0,0,0,0,0,1,0,1,0,0,0,0,1,0,0,0,1,0,0,1,0,0,0,1,0,0,0,0,1,0,0,1,0,0,0,0,0,1,0,1,0,0,0,1,0,0,0,0,0,0,1,0,1,0,0,1,0,0,0,0,0,1,0,1,0,0,0,1,0,0,0,0,0,0,1,1,0,0,0,0,0,0,1,0,1,0,0,0,0,0,1,1,0,0,0,0,0,0,1,0,0,0,1,1,0,0,0,0,0,1,0,0,0,0,1,0,0,1,0,0,0,1,0,0,0,1,0,0,0,1,0,0,1,0,0,0,0,0,1,0,0,1,0,0,0,1,0,0,0,1,0,0,1,0,0,0,1,0,0,0,0,0,1,0,1,0,0,0,1,0,0,0,0,1,0,0,0,0,1,0,0,1,0,0,0,0,1,0,1,0,0,0,0,0,1,0,0,0,1,0,0,0,1,0,0,0,1,0,1,0,0,0,1,0,0,0,0,1,0,0,1,0,0,1,0,0,0,0,0,1,0,0,1,0,0,0,0,1,0,0,0,0,1,0,1,0,0,0,1,0,0,0,1,0,0,1,0,0,0,0,0,1,0,0,0,1,0,0,0,0,1,0,0,1,0,1,0,0,0,0,0,0,1,0,0,0,1,0,0,1,0,0,1,0,0,0,0,1,0,1,0,0,0,1,0,0,0,0,0,1,0,0,0,0,1,0,0,1,0,0,0,1,0,1,0,0,0,0,0,1,0,0,0,0,1,0,0,0,1,0,1,0,0,1,0,0,0,0,0,1,0,0,0,1,0,0,0,0,1,0,0,0,1,1,0,0,0,1,0,0,0,0,0,1,0,1,0,0,0,1,0,0,0,1457.0,1259.18,6.0,57.5,42.5,5.9,1000,1.9824,0.0240480961923847,0.0120240480961923,0.0170340681362725,0.0120240480961923,0.0110220440881763,0.0130260521042084,0.0070140280561122,0.0120240480961923,0.0270541082164328,0.0190380761523046,0.0220440881763527,0.0100200400801603,0.0070140280561122,0.0130260521042084,0.0060120240480961,0.0130260521042084,0.0140280561122244,0.0130260521042084,0.0260521042084168,0.0100200400801603,0.0250501002004008,0.0300601202404809,0.0230460921843687,0.0230460921843687,0.0110220440881763,0.0220440881763527,0.0170340681362725,0.0090180360721442,0.0110220440881763,0.0250501002004008,0.0210420841683366,0.0140280561122244,0.0170340681362725,0.0110220440881763,0.0230460921843687,0.0100200400801603,0.0130260521042084,0.0290581162324649,0.0230460921843687,0.0200400801603206,0.0180360721442885,0.032064128256513,0.0250501002004008,0.0130260521042084,0.0070140280561122,0.0130260521042084,0.0170340681362725,0.0080160320641282,0.0100200400801603,0.0070140280561122,0.0120240480961923,0.0070140280561122,0.0140280561122244,0.0290581162324649,0.0060120240480961,0.0160320641282565,0.0050100200400801,0.0130260521042084,0.0240480961923847,0.0130260521042084,0.0110220440881763,0.0140280561122244,0.0110220440881763,0.0080160320641282,6.51,4.3,7.81,3.9,6.31,10.11,5.91,7.11,6.11,8.61,8.81,4.5,3.6,6.51,5.51,4.4,0,-1,0,0,-1,0,0,-1,0,0,-1,0,0.09,0.07
ENSG00000004777,0,0,0,1,0,0,1,0,0,0,0,1,0,0,1,0,0,0,1,0,0,0,1,0,1,0,0,0,1,0,0,0,1,0,0,0,0,0,0,1,0,1,0,0,0,1,0,0,0,1,0,0,0,0,0,1,0,0,1,0,0,0,0,1,0,0,1,0,1,0,0,0,0,0,0,1,0,0,1,0,1,0,0,0,0,0,1,0,1,0,0,0,0,0,1,0,0,0,0,1,0,0,1,0,1,0,0,0,0,0,1,0,0,0,1,0,0,0,0,1,0,1,0,0,1,0,0,0,0,0,1,0,0,1,0,0,1,0,0,0,1,0,0,0,1,0,0,0,0,0,0,1,0,0,0,1,0,0,0,1,1,0,0,0,0,0,1,0,0,0,0,1,1,0,0,0,0,1,0,0,1,0,0,0,0,0,0,1,1,0,0,0,1,0,0,0,0,0,1,0,0,0,0,1,1,0,0,0,1,0,0,0,0,1,0,0,0,0,0,1,0,0,1,0,0,1,0,0,1,0,0,0,0,1,0,0,1,0,0,0,0,0,0,1,0,0,0,1,0,1,0,0,1,0,0,0,0,1,0,0,0,1,0,0,0,0,0,1,0,1,0,0,0,0,0,1,0,1,0,0,0,1,0,0,0,1,0,0,0,0,0,1,0,1,0,0,1,0,0,0,0,0,1,0,0,1,0,0,1,0,0,0,0,1,0,0,0,0,0,1,0,1,0,0,0,1,0,0,0,1,0,0,0,0,0,1,0,0,0,1,0,0,0,1,0,1,0,0,1,0,0,0,0,1,0,0,0,1,0,0,1,0,0,0,0,0,1,0,0,1,0,0,0,1,0,0,0,1,0,0,0,0,0,1,0,0,0,1,0,0,1,0,0,1,0,0,0,0,0,1,1311.37,1113.59,95.0,47.3,52.7,2.1,1000,1.984,0.0080160320641282,0.0080160320641282,0.0090180360721442,0.0230460921843687,0.0160320641282565,0.0160320641282565,0.0050100200400801,0.0090180360721442,0.0170340681362725,0.0150300601202404,0.0130260521042084,0.0190380761523046,0.0080160320641282,0.0070140280561122,0.0160320641282565,0.0250501002004008,0.0140280561122244,0.0200400801603206,0.0240480961923847,0.0090180360721442,0.0210420841683366,0.0170340681362725,0.0050100200400801,0.032064128256513,0.003006012024048,0.0090180360721442,0.0060120240480961,0.003006012024048,0.0070140280561122,0.034068136272545,0.0290581162324649,0.0110220440881763,0.0140280561122244,0.0110220440881763,0.0210420841683366,0.0100200400801603,0.0140280561122244,0.0200400801603206,0.0050100200400801,0.0180360721442885,0.0070140280561122,0.0220440881763527,0.0170340681362725,0.0120240480961923,0.0120240480961923,0.0100200400801603,0.0180360721442885,0.0160320641282565,0.0120240480961923,0.0070140280561122,0.0100200400801603,0.0140280561122244,0.0160320641282565,0.0220440881763527,0.0060120240480961,0.0220440881763527,0.0290581162324649,0.0120240480961923,0.0220440881763527,0.0220440881763527,0.0160320641282565,0.0150300601202404,0.0210420841683366,0.0671342685370741,4.8,4.6,6.41,5.61,6.71,7.51,2.1,8.11,5.61,5.81,5.81,5.61,4.3,6.61,8.51,11.91,0,-1,0,0,-1,0,0,-1,0,1,90,1,1.64,1.23
ENSG00000004779,0,1,0,0,0,0,0,1,0,1,0,0,0,0,0,1,1,0,0,0,1,0,0,0,0,0,1,0,0,1,0,0,0,1,0,0,1,0,0,0,0,1,0,0,0,0,0,1,1,0,0,0,0,0,0,1,0,0,0,1,0,0,0,1,0,0,0,1,0,1,0,0,0,0,0,1,0,0,1,0,0,0,0,1,1,0,0,0,1,0,0,0,1,0,0,0,1,0,0,0,0,0,1,0,0,0,1,0,0,0,0,1,1,0,0,0,0,0,0,1,1,0,0,0,1,0,0,0,0,0,0,1,0,0,0,1,0,0,1,0,0,1,0,0,0,1,0,0,0,1,0,0,0,0,0,1,0,0,1,0,0,1,0,0,0,0,0,1,0,0,1,0,1,0,0,0,0,0,0,1,1,0,0,0,0,1,0,0,0,0,0,1,0,0,1,0,0,0,0,1,1,0,0,0,0,1,0,0,1,0,0,0,0,0,1,0,0,0,1,0,0,1,0,0,0,0,1,0,0,0,0,1,0,0,0,1,0,1,0,0,0,0,1,0,0,0,0,1,0,0,1,0,0,1,0,0,0,1,0,0,0,1,0,0,1,0,0,0,0,0,1,0,1,0,0,0,0,0,1,0,1,0,0,0,1,0,0,0,1,0,0,0,0,0,1,0,1,0,0,0,0,0,1,0,1,0,0,0,0,0,1,0,1,0,0,0,0,0,1,0,0,1,0,0,0,1,0,0,1,0,0,0,0,0,1,0,1,0,0,0,0,0,1,0,0,1,0,0,0,0,0,1,0,0,1,0,0,0,0,1,0,1,0,0,1,0,0,0,0,0,1,0,0,0,0,1,0,1,0,0,0,0,0,1,0,0,0,1,0,0,0,1,0,0,1,0,0,1,0,0,714.96,517.17,3290.0,49.1,50.9,4.0,1000,1.9985,0.0230460921843687,0.0110220440881763,0.0180360721442885,0.0140280561122244,0.0170340681362725,0.0150300601202404,0.0040080160320641,0.0100200400801603,0.0260521042084168,0.0200400801603206,0.0170340681362725,0.0190380761523046,0.0150300601202404,0.0080160320641282,0.0090180360721442,0.0180360721442885,0.0090180360721442,0.0140280561122244,0.0300601202404809,0.0080160320641282,0.0170340681362725,0.0160320641282565,0.0160320641282565,0.0200400801603206,0.0050100200400801,0.0110220440881763,0.0090180360721442,0.0150300601202404,0.0090180360721442,0.0120240480961923,0.0300601202404809,0.0130260521042084,0.0160320641282565,0.0150300601202404,0.0250501002004008,0.0090180360721442,0.0110220440881763,0.0270541082164328,0.0110220440881763,0.0190380761523046,0.0160320641282565,0.0190380761523046,0.0150300601202404,0.0070140280561122,0.0110220440881763,0.0160320641282565,0.0200400801603206,0.0180360721442885,0.0180360721442885,0.0060120240480961,0.0090180360721442,0.0190380761523046,0.0160320641282565,0.0110220440881763,0.0090180360721442,0.0140280561122244,0.0180360721442885,0.0190380761523046,0.0160320641282565,0.0240480961923847,0.0170340681362725,0.0140280561122244,0.0180360721442885,0.0370741482965931,6.61,4.6,8.21,5.01,6.11,6.91,4.0,6.41,6.51,6.91,5.71,6.51,5.21,5.01,7.71,8.61,0,-1,0,0,-1,0,0,-1,0,0,-1,0,121.98,91.45
ENSG00000004799,0,0,1,0,0,0,1,0,0,0,1,0,0,0,1,0,1,0,0,0,0,0,1,0,0,0,0,1,0,1,0,0,1,0,0,0,0,0,1,0,1,0,0,0,0,0,1,0,1,0,0,0,0,0,1,0,0,0,1,0,0,0,1,0,1,0,0,0,0,0,0,1,1,0,0,0,1,0,0,0,0,0,0,1,1,0,0,0,0,0,0,1,1,0,0,0,1,0,0,0,1,0,0,0,1,0,0,0,1,0,0,0,0,1,0,0,1,0,0,0,0,0,0,1,1,0,0,0,1,0,0,0,1,0,0,0,0,0,0,1,1,0,0,0,0,0,1,0,0,1,0,0,0,0,0,1,1,0,0,0,0,0,0,1,1,0,0,0,0,0,1,0,1,0,0,0,1,0,0,0,0,0,0,1,1,0,0,0,0,0,1,0,0,0,0,1,1,0,0,0,0,1,0,0,0,1,0,0,1,0,0,0,0,0,0,1,0,0,1,0,1,0,0,0,1,0,0,0,1,0,0,0,0,0,1,0,1,0,0,0,0,1,0,0,0,1,0,0,1,0,0,0,1,0,0,0,0,0,1,0,0,0,1,0,0,1,0,0,0,1,0,0,0,0,0,1,0,0,0,1,1,0,0,0,0,0,0,1,0,0,0,1,0,0,0,1,0,0,1,0,0,0,1,0,1,0,0,0,1,0,0,0,0,0,1,0,1,0,0,0,1,0,0,0,0,0,1,0,0,0,0,1,0,0,1,0,1,0,0,0,0,0,1,0,0,0,1,0,1,0,0,0,0,0,1,0,1,0,0,0,1,0,0,0,0,0,1,0,0,0,0,1,1,0,0,0,1,0,0,0,0,0,0,1,0,1,0,0,1,0,0,0,1,0,0,0,0,0,1,0,2988.28,2790.48,2911.0,51.0,49.0,3.9,1000,1.9955,0.0290581162324649,0.0140280561122244,0.0250501002004008,0.0160320641282565,0.0160320641282565,0.0150300601202404,0.0080160320641282,0.0100200400801603,0.0240480961923847,0.0170340681362725,0.0230460921843687,0.0190380761523046,0.0110220440881763,0.0060120240480961,0.0090180360721442,0.0140280561122244,0.0150300601202404,0.0100200400801603,0.0260521042084168,0.0090180360721442,0.0220440881763527,0.0180360721442885,0.0110220440881763,0.0190380761523046,0.0050100200400801,0.0090180360721442,0.0170340681362725,0.0080160320641282,0.0050100200400801,0.0170340681362725,0.0200400801603206,0.0190380761523046,0.0220440881763527,0.0170340681362725,0.0250501002004008,0.0090180360721442,0.0140280561122244,0.0210420841683366,0.0160320641282565,0.0090180360721442,0.0250501002004008,0.0230460921843687,0.0310621242484969,0.0110220440881763,0.0130260521042084,0.0100200400801603,0.0160320641282565,0.0160320641282565,0.0180360721442885,0.0080160320641282,0.0070140280561122,0.0060120240480961,0.0080160320641282,0.0160320641282565,0.0040080160320641,0.0230460921843687,0.0190380761523046,0.0110220440881763,0.0190380761523046,0.0170340681362725,0.0100200400801603,0.0180360721442885,0.0210420841683366,0.0290581162324649,8.41,4.9,8.31,4.0,6.01,7.01,3.9,6.11,7.31,6.01,9.11,5.51,3.9,5.11,6.61,7.81,0,-1,0,0,-1,0,1,80,1,0,-1,0,20.0,15.0
ENSG00000004809,1,0,0,0,1,0,0,0,1,0,0,0,1,0,0,0,1,0,0,0,1,0,0,0,1,0,0,0,1,0,0,0,1,0,0,0,1,0,0,0,1,0,0,0,1,0,0,0,1,0,0,0,1,0,0,0,1,0,0,0,1,0,0,0,1,0,0,0,1,0,0,0,1,0,0,0,1,0,0,0,1,0,0,0,1,0,0,0,1,0,0,0,1,0,0,0,1,0,0,0,1,0,0,0,1,0,0,0,1,0,0,0,1,0,0,0,1,0,0,0,1,0,0,0,1,0,0,0,1,0,0,0,1,0,0,0,1,0,0,0,1,0,0,0,0,0,0,1,0,1,0,0,1,0,0,0,0,0,1,0,1,0,0,0,0,0,0,1,0,0,0,1,0,1,0,0,0,1,0,0,0,0,0,1,0,0,1,0,0,0,0,1,0,0,0,1,0,1,0,0,0,1,0,0,0,1,0,0,0,1,0,0,1,0,0,0,0,0,1,0,0,0,1,0,0,1,0,0,1,0,0,0,0,0,0,1,0,1,0,0,0,1,0,0,0,0,0,1,0,0,1,0,1,0,0,0,1,0,0,0,0,0,0,1,0,1,0,0,1,0,0,0,0,0,0,1,0,1,0,0,1,0,0,0,0,0,1,0,0,0,1,0,0,0,1,0,1,0,0,0,0,0,0,1,0,0,1,0,0,0,1,0,1,0,0,0,0,0,1,0,0,0,0,1,0,1,0,0,0,0,0,1,0,1,0,0,1,0,0,0,1,0,0,0,1,0,0,0,1,0,0,0,0,0,0,1,1,0,0,0,1,0,0,0,1,0,0,0,0,0,0,1,0,0,1,0,0,0,0,1,1,0,0,0,0,1,0,0,1,0,0,0,0,0,0,1,0,0,0,1,466.0,268.3,1.0,56.0,44.0,6.2,1000,1.9885,0.0470941883767535,0.0060120240480961,0.0120240480961923,0.0100200400801603,0.0080160320641282,0.0140280561122244,0.0090180360721442,0.0080160320641282,0.0120240480961923,0.0200400801603206,0.0270541082164328,0.0110220440881763,0.0080160320641282,0.0070140280561122,0.0100200400801603,0.0170340681362725,0.0130260521042084,0.0120240480961923,0.0220440881763527,0.0110220440881763,0.0200400801603206,0.0210420841683366,0.0200400801603206,0.0230460921843687,0.0160320641282565,0.0170340681362725,0.0230460921843687,0.0060120240480961,0.0060120240480961,0.0250501002004008,0.0170340681362725,0.0140280561122244,0.0080160320641282,0.0130260521042084,0.0280561122244488,0.0100200400801603,0.0160320641282565,0.0290581162324649,0.0270541082164328,0.0150300601202404,0.0220440881763527,0.0370741482965931,0.0380761523046092,0.0110220440881763,0.0070140280561122,0.0090180360721442,0.0120240480961923,0.0110220440881763,0.0060120240480961,0.0080160320641282,0.0080160320641282,0.0110220440881763,0.0140280561122244,0.0200400801603206,0.0060120240480961,0.0160320641282565,0.0090180360721442,0.0130260521042084,0.0200400801603206,0.0110220440881763,0.0120240480961923,0.0160320641282565,0.0140280561122244,0.0290581162324649,7.51,3.9,7.01,4.2,5.81,8.41,6.21,6.21,5.91,8.71,10.81,3.9,3.3,5.71,5.31,7.11,0,-1,0,0,-1,0,1,86,1,0,-1,0,0.07,0.05
ENSG00000004838,0,0,1,0,0,1,0,0,1,0,0,0,1,0,0,0,1,0,0,0,1,0,0,0,0,1,0,0,0,0,0,1,0,1,0,0,0,0,0,1,0,0,1,0,1,0,0,0,0,0,1,0,0,0,1,0,0,1,0,0,1,0,0,0,1,0,0,0,1,0,0,0,1,0,0,0,1,0,0,0,0,1,0,0,0,1,0,0,0,0,0,1,0,1,0,0,0,0,0,1,0,0,0,1,0,0,0,1,0,0,1,0,0,0,1,0,1,0,0,0,1,0,0,0,0,0,0,1,0,0,1,0,0,0,0,1,1,0,0,0,0,0,0,1,0,0,1,0,1,0,0,0,0,0,1,0,0,0,1,0,0,0,1,0,1,0,0,0,0,0,1,0,0,0,1,0,0,0,0,1,0,0,0,1,0,1,0,0,1,0,0,0,0,0,1,0,0,0,1,0,0,0,1,0,1,0,0,0,1,0,0,0,0,0,1,0,0,1,0,0,1,0,0,0,1,0,0,0,0,0,1,0,0,0,1,0,1,0,0,0,0,0,1,0,0,0,1,0,1,0,0,0,0,0,1,0,1,0,0,0,0,0,1,0,0,0,1,0,1,0,0,0,1,0,0,0,1,0,0,0,0,0,1,0,1,0,0,0,1,0,0,0,0,0,0,1,0,1,0,0,0,1,0,0,1,0,0,0,1,0,0,0,0,0,1,0,0,0,0,1,0,1,0,0,0,1,0,0,0,1,0,0,0,0,1,0,1,0,0,0,0,0,1,0,0,0,1,0,0,0,0,1,1,0,0,0,0,1,0,0,1,0,0,0,0,0,1,0,0,0,1,0,1,0,0,0,0,0,1,0,1,0,0,0,0,0,1,0,0,0,1,0,1,0,0,0,0,1,0,0,1440.46,1242.64,20.0,56.0,44.0,4.1,1000,1.9832,0.0140280561122244,0.0070140280561122,0.0240480961923847,0.0080160320641282,0.0170340681362725,0.0140280561122244,0.003006012024048,0.0120240480961923,0.0270541082164328,0.0190380761523046,0.0420841683366733,0.0180360721442885,0.0070140280561122,0.0090180360721442,0.0120240480961923,0.0070140280561122,0.0180360721442885,0.0160320641282565,0.0300601202404809,0.0090180360721442,0.0260521042084168,0.0190380761523046,0.0120240480961923,0.0190380761523046,0.0070140280561122,0.0150300601202404,0.0140280561122244,0.0050100200400801,0.0100200400801603,0.0210420841683366,0.0230460921843687,0.0080160320641282,0.0150300601202404,0.0140280561122244,0.0380761523046092,0.0120240480961923,0.0160320641282565,0.0250501002004008,0.0210420841683366,0.0170340681362725,0.032064128256513,0.0260521042084168,0.0230460921843687,0.0150300601202404,0.0130260521042084,0.0170340681362725,0.0160320641282565,0.0070140280561122,0.0060120240480961,0.0090180360721442,0.0140280561122244,0.0060120240480961,0.0140280561122244,0.0180360721442885,0.0050100200400801,0.0150300601202404,0.0130260521042084,0.0180360721442885,0.0170340681362725,0.0150300601202404,0.0050100200400801,0.0050100200400801,0.0120240480961923,0.0270541082164328,5.31,4.6,10.61,3.5,7.31,7.61,4.1,6.31,7.91,7.91,9.61,5.31,3.5,5.21,6.31,4.9,0,-1,0,0,-1,0,1,65,1,0,-1,0,0.31,0.23
ENSG00000004846,0,0,1,0,0,1,0,0,0,0,0,1,0,1,0,0,0,0,0,1,1,0,0,0,0,0,1,0,1,0,0,0,1,0,0,0,0,0,1,0,0,0,0,1,1,0,0,0,1,0,0,0,0,1,0,0,1,0,0,0,0,1,0,0,0,0,0,1,0,0,0,1,0,0,0,1,0,0,0,1,1,0,0,0,0,0,1,0,0,1,0,0,0,0,0,1,1,0,0,0,0,1,0,0,1,0,0,0,0,0,0,1,0,0,0,1,1,0,0,0,0,1,0,0,1,0,0,0,0,1,0,0,0,1,0,0,1,0,0,0,0,1,0,0,0,0,0,1,0,0,0,1,0,1,0,0,0,0,0,1,0,0,1,0,0,0,0,1,0,0,1,0,0,1,0,0,1,0,0,0,0,0,0,1,0,0,0,1,0,0,0,1,1,0,0,0,0,0,1,0,1,0,0,0,0,0,0,1,0,0,1,0,1,0,0,0,0,1,0,0,1,0,0,0,0,0,0,1,0,1,0,0,1,0,0,0,0,0,0,1,0,0,1,0,1,0,0,0,0,0,1,0,1,0,0,0,0,0,0,1,0,0,0,1,0,0,0,1,0,0,0,1,0,0,0,1,1,0,0,0,1,0,0,0,1,0,0,0,0,0,1,0,0,1,0,0,1,0,0,0,1,0,0,0,1,0,0,0,1,0,0,0,0,0,0,1,0,0,0,1,1,0,0,0,1,0,0,0,0,0,0,1,0,0,0,1,1,0,0,0,0,0,0,1,0,0,0,1,0,1,0,0,0,1,0,0,0,0,0,1,0,0,0,1,0,1,0,0,0,0,0,1,0,0,1,0,0,0,0,1,0,0,1,0,0,1,0,0,1,0,0,0,0,0,0,1,1,0,0,0,2554.0,2356.18,0.0,36.3,63.7,0.8,1000,1.9194,0.034068136272545,0.0170340681362725,0.0070140280561122,0.0290581162324649,0.0150300601202404,0.0190380761523046,0.002004008016032,0.0210420841683366,0.0200400801603206,0.003006012024048,0.0060120240480961,0.0130260521042084,0.0190380761523046,0.0190380761523046,0.0150300601202404,0.033066132264529,0.0200400801603206,0.0120240480961923,0.0100200400801603,0.0260521042084168,0.0240480961923847,0.0080160320641282,0.003006012024048,0.0250501002004008,0.001002004008016,0.003006012024048,0.0,0.0040080160320641,0.0210420841683366,0.0230460921843687,0.0120240480961923,0.033066132264529,0.0130260521042084,0.0040080160320641,0.0080160320641282,0.0080160320641282,0.0080160320641282,0.0090180360721442,0.001002004008016,0.0070140280561122,0.001002004008016,0.0060120240480961,0.002004008016032,0.0060120240480961,0.0110220440881763,0.0130260521042084,0.0260521042084168,0.0140280561122244,0.0200400801603206,0.0240480961923847,0.0170340681362725,0.0230460921843687,0.0210420841683366,0.0240480961923847,0.002004008016032,0.0370741482965931,0.0110220440881763,0.0120240480961923,0.0070140280561122,0.0410821643286573,0.033066132264529,0.0290581162324649,0.0180360721442885,0.0450901803607214,8.71,5.71,4.2,8.61,6.81,6.01,0.8,9.01,3.3,2.5,1.5,6.41,8.41,8.41,7.11,12.51,0,-1,0,0,-1,0,0,-1,0,0,-1,0,0.0,0.0
ENSG00000004848,0,1,0,0,0,0,0,1,0,0,1,0,0,0,0,1,0,0,0,1,0,1,0,0,0,1,0,0,0,1,0,0,1,0,0,0,1,0,0,0,0,1,0,0,0,1,0,0,0,1,0,0,0,0,0,1,0,0,0,1,0,1,0,0,1,0,0,0,0,0,0,1,0,1,0,0,0,1,0,0,0,1,0,0,0,1,0,0,0,0,0,1,0,1,0,0,0,1,0,0,0,1,0,0,0,1,0,0,0,1,0,0,0,1,0,0,1,0,0,0,0,0,1,0,0,0,0,1,0,0,0,1,0,0,0,1,0,0,0,1,0,0,1,0,0,0,0,1,0,1,0,0,0,0,0,1,0,0,0,1,0,0,1,0,1,0,0,0,1,0,0,0,0,0,1,0,0,0,0,1,0,0,0,1,0,0,0,1,0,1,0,0,0,1,0,0,0,0,0,1,0,0,1,0,0,1,0,0,0,0,1,0,0,0,1,0,1,0,0,0,0,0,1,0,0,0,1,0,0,1,0,0,1,0,0,0,0,0,1,0,0,1,0,0,0,1,0,0,0,1,0,0,0,0,1,0,1,0,0,0,0,0,0,1,0,1,0,0,0,0,0,1,0,0,1,0,0,0,0,1,0,1,0,0,0,0,0,1,0,0,1,0,0,1,0,0,0,0,0,1,1,0,0,0,0,1,0,0,0,1,0,0,0,1,0,0,1,0,0,0,0,1,0,0,0,1,0,0,0,1,0,0,1,0,0,0,0,1,0,0,0,1,0,0,1,0,0,0,0,0,1,0,0,1,0,0,1,0,0,0,0,0,0,1,0,1,0,0,0,1,0,0,1,0,0,0,1,0,0,0,0,0,1,0,1,0,0,0,0,0,1,0,0,0,0,1,0,0,0,1,2876.0,2678.18,68.0,54.6,45.4,3.7,1000,1.9938,0.0250501002004008,0.0100200400801603,0.0210420841683366,0.0120240480961923,0.0100200400801603,0.0150300601202404,0.0070140280561122,0.0070140280561122,0.032064128256513,0.0110220440881763,0.0280561122244488,0.0150300601202404,0.0050100200400801,0.0090180360721442,0.0100200400801603,0.0120240480961923,0.0100200400801603,0.0130260521042084,0.0280561122244488,0.0070140280561122,0.0240480961923847,0.0490981963927855,0.0090180360721442,0.0270541082164328,0.0070140280561122,0.0140280561122244,0.0090180360721442,0.0060120240480961,0.0080160320641282,0.0240480961923847,0.0250501002004008,0.0150300601202404,0.0240480961923847,0.0110220440881763,0.0300601202404809,0.0110220440881763,0.0110220440881763,0.0200400801603206,0.0130260521042084,0.0200400801603206,0.0240480961923847,0.0230460921843687,0.0260521042084168,0.0110220440881763,0.0060120240480961,0.0130260521042084,0.0070140280561122,0.0190380761523046,0.0090180360721442,0.0050100200400801,0.0070140280561122,0.0060120240480961,0.0130260521042084,0.0250501002004008,0.0080160320641282,0.0170340681362725,0.0130260521042084,0.0160320641282565,0.0210420841683366,0.0130260521042084,0.0080160320641282,0.0170340681362725,0.0210420841683366,0.0260521042084168,6.81,3.9,8.61,3.6,5.81,10.91,3.7,7.21,7.61,6.41,8.41,4.5,2.7,6.31,6.31,7.21,0,-1,0,0,-1,0,1,53,1,0,-1,0,0.49,0.36
ENSG00000004864,0,0,0,1,0,1,0,0,0,0,0,1,0,1,0,0,1,0,0,0,0,0,1,0,0,0,0,1,1,0,0,0,0,0,0,1,0,0,0,1,0,1,0,0,0,0,0,1,0,0,0,1,1,0,0,0,0,0,0,1,0,0,0,1,0,0,1,0,1,0,0,0,0,0,1,0,0,1,0,0,0,1,0,0,0,1,0,0,0,0,0,1,0,0,1,0,0,0,1,0,0,0,1,0,1,0,0,0,1,0,0,0,0,1,0,0,1,0,0,0,0,0,1,0,0,0,0,1,0,1,0,0,0,0,0,1,0,0,1,0,0,1,0,0,0,0,0,1,0,0,1,0,0,1,0,0,0,1,0,0,0,0,0,1,0,0,0,1,1,0,0,0,1,0,0,0,0,1,0,0,1,0,0,0,0,0,1,0,0,0,1,0,0,0,0,1,0,0,0,1,1,0,0,0,0,0,0,1,1,0,0,0,0,1,0,0,0,0,0,1,0,0,1,0,1,0,0,0,1,0,0,0,0,0,1,0,0,0,0,1,1,0,0,0,1,0,0,0,1,0,0,0,0,1,0,0,1,0,0,0,0,0,0,1,0,0,0,1,0,0,0,1,1,0,0,0,0,0,0,1,0,0,1,0,0,0,0,1,0,0,1,0,0,0,0,1,0,1,0,0,0,0,0,1,0,1,0,0,0,0,0,1,0,0,0,1,0,0,0,1,0,1,0,0,0,1,0,0,0,1,0,0,1,0,0,0,1,0,0,0,0,0,0,1,1,0,0,0,0,0,1,0,0,1,0,0,0,1,0,0,0,1,0,0,0,0,0,1,0,0,1,0,1,0,0,0,1,0,0,0,0,0,1,0,0,1,0,0,0,0,0,1,0,0,1,0,0,0,0,1,2800.36,2602.54,5477.06,48.9,51.1,2.9,1000,1.9985,0.0200400801603206,0.0110220440881763,0.0230460921843687,0.0170340681362725,0.0160320641282565,0.0110220440881763,0.0090180360721442,0.0100200400801603,0.0070140280561122,0.0200400801603206,0.0210420841683366,0.0260521042084168,0.0130260521042084,0.0140280561122244,0.0090180360721442,0.0180360721442885,0.0170340681362725,0.0200400801603206,0.0270541082164328,0.0120240480961923,0.0230460921843687,0.0250501002004008,0.0110220440881763,0.0220440881763527,0.002004008016032,0.0100200400801603,0.0100200400801603,0.0070140280561122,0.0080160320641282,0.0100200400801603,0.0270541082164328,0.0210420841683366,0.0160320641282565,0.0050100200400801,0.0120240480961923,0.0100200400801603,0.0190380761523046,0.0290581162324649,0.0050100200400801,0.0150300601202404,0.0170340681362725,0.0190380761523046,0.0210420841683366,0.0110220440881763,0.0130260521042084,0.0150300601202404,0.0120240480961923,0.0160320641282565,0.0180360721442885,0.0100200400801603,0.0120240480961923,0.0150300601202404,0.0180360721442885,0.0170340681362725,0.0040080160320641,0.0190380761523046,0.0170340681362725,0.0190380761523046,0.0160320641282565,0.0120240480961923,0.0210420841683366,0.0180360721442885,0.0160320641282565,0.034068136272545,7.11,4.6,7.41,5.41,7.61,8.21,2.9,6.61,4.3,6.81,6.81,5.61,5.51,5.81,6.41,8.91,0,-1,0,0,-1,0,0,-1,0,0,-1,0,40.35,30.25
ENSG00000004866,0,1,0,0,0,0,0,1,1,0,0,0,0,0,0,1,0,0,1,0,0,0,0,1,0,0,1,0,0,0,0,1,0,0,1,0,0,1,0,0,0,1,0,0,1,0,0,0,1,0,0,0,0,0,0,1,0,0,0,1,0,0,0,1,0,1,0,0,1,0,0,0,0,1,0,0,0,0,0,1,0,0,0,1,1,0,0,0,0,0,0,1,0,0,0,1,0,1,0,0,0,0,0,1,0,0,1,0,0,0,1,0,0,1,0,0,0,1,0,0,0,0,0,1,0,0,1,0,0,0,1,0,1,0,0,0,0,0,0,1,0,1,0,0,0,0,0,1,0,1,0,0,1,0,0,0,0,1,0,0,0,0,0,1,0,0,1,0,0,0,0,1,1,0,0,0,0,0,1,0,0,0,0,1,1,0,0,0,0,0,1,0,1,0,0,0,0,0,0,1,0,1,0,0,1,0,0,0,1,0,0,0,1,0,0,0,0,0,0,1,0,0,1,0,0,0,0,1,0,0,1,0,1,0,0,0,0,0,1,0,0,0,1,0,1,0,0,0,1,0,0,0,0,0,1,0,1,0,0,0,1,0,0,0,1,0,0,0,0,1,0,0,1,0,0,0,0,0,1,0,0,0,0,1,1,0,0,0,0,0,1,0,0,1,0,0,0,1,0,0,0,0,1,0,1,0,0,0,0,0,1,0,1,0,0,0,0,0,1,0,1,0,0,0,0,0,1,0,0,0,1,0,0,1,0,0,0,0,0,1,0,0,1,0,0,0,1,0,1,0,0,0,1,0,0,0,0,0,0,1,0,0,0,1,1,0,0,0,0,0,1,0,0,0,0,1,1,0,0,0,1,0,0,0,1,0,0,0,1,0,0,0,1,0,0,0,0,0,0,1,2319.81,2121.98,2421.2,40.5,59.5,2.2,1000,1.9698,0.0591182364729458,0.0200400801603206,0.0160320641282565,0.0310621242484969,0.0210420841683366,0.0120240480961923,0.0040080160320641,0.0130260521042084,0.0290581162324649,0.0150300601202404,0.0170340681362725,0.0150300601202404,0.0180360721442885,0.0150300601202404,0.0120240480961923,0.0290581162324649,0.0210420841683366,0.0120240480961923,0.0190380761523046,0.0110220440881763,0.0120240480961923,0.0100200400801603,0.0050100200400801,0.0240480961923847,0.002004008016032,0.0070140280561122,0.0070140280561122,0.0060120240480961,0.0100200400801603,0.0110220440881763,0.0270541082164328,0.0150300601202404,0.0240480961923847,0.0090180360721442,0.0220440881763527,0.0110220440881763,0.0100200400801603,0.0150300601202404,0.0090180360721442,0.0120240480961923,0.0180360721442885,0.0110220440881763,0.0080160320641282,0.0090180360721442,0.0160320641282565,0.0050100200400801,0.0110220440881763,0.0150300601202404,0.0220440881763527,0.0090180360721442,0.0190380761523046,0.0210420841683366,0.0200400801603206,0.0140280561122244,0.0040080160320641,0.0130260521042084,0.0170340681362725,0.0130260521042084,0.0140280561122244,0.0170340681362725,0.0270541082164328,0.0210420841683366,0.0110220440881763,0.0260521042084168,12.61,5.01,7.61,7.41,6.31,5.11,2.2,6.31,6.61,4.6,4.6,4.7,7.11,5.21,6.11,8.51,0,-1,0,0,-1,0,0,-1,0,1,41,1,21.88,16.4
ENSG00000004897,1,0,0,0,1,0,0,0,0,0,0,1,0,0,0,1,0,0,0,1,1,0,0,0,1,0,0,0,1,0,0,0,0,1,0,0,1,0,0,0,0,0,1,0,0,0,0,1,0,1,0,0,0,1,0,0,0,1,0,0,0,1,0,0,0,0,0,1,0,0,1,0,0,0,1,0,0,0,0,1,0,0,0,1,0,1,0,0,1,0,0,0,0,1,0,0,0,0,0,1,0,1,0,0,0,0,0,1,0,0,0,1,0,0,0,1,0,0,0,1,0,0,0,1,0,0,1,0,0,0,1,0,0,0,1,0,0,0,1,0,0,0,1,0,0,0,1,0,1,0,0,0,0,0,1,0,1,0,0,0,1,0,0,0,0,0,1,0,0,0,1,0,0,0,1,0,0,0,1,0,1,0,0,0,0,0,1,0,0,1,0,0,1,0,0,0,0,0,1,0,1,0,0,0,1,0,0,0,1,0,0,0,0,0,1,0,0,0,1,0,1,0,0,0,1,0,0,0,1,0,0,0,0,0,0,1,1,0,0,0,0,0,0,1,0,0,1,0,1,0,0,0,0,0,1,0,1,0,0,0,0,0,1,0,1,0,0,0,0,0,1,0,0,0,0,1,0,1,0,0,0,0,0,1,1,0,0,0,0,1,0,0,1,0,0,0,0,0,0,1,0,0,0,1,0,0,1,0,0,1,0,0,1,0,0,0,0,0,0,1,0,0,1,0,0,1,0,0,0,0,0,1,1,0,0,0,0,0,1,0,1,0,0,0,0,1,0,0,1,0,0,0,0,1,0,0,0,0,1,0,0,0,1,0,0,1,0,0,0,1,0,0,1,0,0,0,0,1,0,0,1,0,0,0,0,0,0,1,0,0,0,1,0,0,0,1,1,0,0,0,2185.32,1987.53,10749.0,43.2,56.8,2.7,1000,1.9731,0.0260521042084168,0.0130260521042084,0.0130260521042084,0.033066132264529,0.0160320641282565,0.0140280561122244,0.0080160320641282,0.0190380761523046,0.0220440881763527,0.0150300601202404,0.0090180360721442,0.0080160320641282,0.0200400801603206,0.0160320641282565,0.0100200400801603,0.0240480961923847,0.0160320641282565,0.0190380761523046,0.0140280561122244,0.0130260521042084,0.0220440881763527,0.0240480961923847,0.0080160320641282,0.0260521042084168,0.0060120240480961,0.0080160320641282,0.0060120240480961,0.0070140280561122,0.0210420841683366,0.0160320641282565,0.0170340681362725,0.034068136272545,0.0160320641282565,0.0130260521042084,0.0140280561122244,0.0080160320641282,0.0080160320641282,0.0170340681362725,0.0080160320641282,0.0170340681362725,0.0090180360721442,0.0140280561122244,0.0140280561122244,0.0070140280561122,0.0070140280561122,0.0050100200400801,0.0080160320641282,0.0080160320641282,0.0260521042084168,0.0120240480961923,0.0130260521042084,0.0160320641282565,0.0160320641282565,0.0250501002004008,0.003006012024048,0.0260521042084168,0.0140280561122244,0.0140280561122244,0.0150300601202404,0.0060120240480961,0.0190380761523046,0.033066132264529,0.0140280561122244,0.0501002004008016,8.51,5.71,5.41,7.01,6.21,8.01,2.7,8.81,5.11,5.11,4.4,2.8,6.71,7.01,4.9,11.61,0,-1,0,0,-1,0,0,-1,0,0,-1,0,103.7,77.74
ENSG00000004939,0,0,1,0,1,0,0,0,0,1,0,0,0,0,0,1,0,0,0,1,0,0,1,0,0,0,0,1,0,1,0,0,0,1,0,0,1,0,0,0,0,0,1,0,0,0,1,0,0,0,0,1,0,0,0,1,0,1,0,0,0,1,0,0,0,0,0,1,0,0,0,1,0,1,0,0,1,0,0,0,0,0,1,0,0,1,0,0,0,1,0,0,1,0,0,0,0,0,1,0,0,0,0,1,0,1,0,0,0,1,0,0,1,0,0,0,0,0,0,1,0,0,1,0,0,1,0,0,0,1,0,0,0,0,1,0,0,0,1,0,1,0,0,0,0,0,1,0,0,1,0,0,0,0,0,1,0,0,1,0,0,0,0,1,1,0,0,0,0,1,0,0,0,0,0,1,1,0,0,0,0,0,1,0,0,0,1,0,1,0,0,0,0,1,0,0,1,0,0,0,0,1,0,0,0,1,0,0,0,1,0,0,0,0,0,1,0,1,0,0,0,1,0,0,0,0,0,1,0,1,0,0,0,0,0,1,0,1,0,0,0,0,0,1,0,0,1,0,0,0,0,1,0,0,1,0,0,1,0,0,0,1,0,0,0,1,0,0,1,0,0,0,0,0,1,0,1,0,0,0,0,0,1,0,0,1,0,0,0,0,1,0,1,0,0,0,0,0,0,1,0,0,1,0,0,0,1,0,0,1,0,0,0,1,0,0,1,0,0,0,0,1,0,0,1,0,0,0,1,0,0,0,0,1,0,0,1,0,0,0,0,1,0,0,0,1,0,0,0,1,0,0,0,1,0,0,0,0,0,1,0,0,0,1,0,0,0,1,0,1,0,0,0,0,0,1,0,0,1,0,0,0,0,1,0,1,0,0,0,0,0,1,0,0,1,0,0,1,0,0,4965.0,4767.18,2.21,60.0,40.0,1.7,1000,1.9498,0.0070140280561122,0.0100200400801603,0.0100200400801603,0.003006012024048,0.0110220440881763,0.0140280561122244,0.002004008016032,0.0110220440881763,0.032064128256513,0.0230460921843687,0.0390781563126252,0.0160320641282565,0.002004008016032,0.0060120240480961,0.0120240480961923,0.0040080160320641,0.0060120240480961,0.0090180360721442,0.0420841683366733,0.0100200400801603,0.0280561122244488,0.0220440881763527,0.0040080160320641,0.0230460921843687,0.0060120240480961,0.002004008016032,0.0060120240480961,0.003006012024048,0.0050100200400801,0.0130260521042084,0.0370741482965931,0.0180360721442885,0.0150300601202404,0.0130260521042084,0.0490981963927855,0.0100200400801603,0.0150300601202404,0.0280561122244488,0.0110220440881763,0.0200400801603206,0.0310621242484969,0.033066132264529,0.0661322645290581,0.0170340681362725,0.0050100200400801,0.0150300601202404,0.0260521042084168,0.0110220440881763,0.002004008016032,0.0060120240480961,0.0090180360721442,0.001002004008016,0.0130260521042084,0.0130260521042084,0.0,0.0190380761523046,0.0170340681362725,0.0160320641282565,0.0360721442885771,0.0220440881763527,0.0060120240480961,0.0110220440881763,0.0160320641282565,0.0100200400801603,3.0,3.8,11.01,2.4,6.71,7.71,1.7,7.31,8.71,7.41,14.71,5.81,1.8,4.5,9.11,4.3,0,-1,0,0,-1,0,1,35,1,0,-1,0,0.01,0.01
ENSG00000004948,0,0,1,0,0,1,0,0,0,0,0,1,1,0,0,0,1,0,0,0,1,0,0,0,1,0,0,0,0,0,1,0,1,0,0,0,0,0,1,0,0,0,1,0,0,0,0,1,0,0,0,1,0,0,1,0,1,0,0,0,0,0,1,0,0,0,1,0,0,0,1,0,0,0,0,1,0,0,1,0,1,0,0,0,0,1,0,0,0,0,0,1,0,1,0,0,0,0,1,0,0,0,0,1,0,1,0,0,0,1,0,0,0,0,0,1,0,0,0,1,0,0,1,0,0,0,1,0,1,0,0,0,1,0,0,0,0,0,0,1,0,1,0,0,1,0,0,0,1,0,0,0,0,1,0,0,0,0,0,1,0,0,0,1,0,0,1,0,0,1,0,0,0,1,0,0,0,0,0,1,0,0,1,0,0,1,0,0,0,1,0,0,0,0,0,1,0,1,0,0,0,1,0,0,0,1,0,0,1,0,0,0,0,0,1,0,0,0,1,0,0,0,1,0,0,1,0,0,0,0,1,0,0,0,0,1,0,0,1,0,0,1,0,0,0,1,0,0,0,0,0,1,0,0,1,0,0,1,0,0,0,1,0,0,1,0,0,0,0,0,1,0,0,1,0,0,0,1,0,0,0,0,0,1,0,1,0,0,0,1,0,0,0,0,1,0,0,1,0,0,0,0,0,1,0,0,1,0,0,1,0,0,0,0,1,0,0,1,0,0,0,1,0,0,0,1,0,0,0,1,0,0,0,0,1,0,0,1,0,0,0,1,0,0,0,0,0,1,0,0,1,0,0,0,1,0,0,0,0,1,1,0,0,0,0,0,0,1,0,0,0,1,0,0,1,0,0,0,1,0,1,0,0,0,0,0,0,1,0,0,0,1,0,0,1,0,0,0,0,1,2622.62,2424.8,9.0,62.5,37.5,5.2,1000,1.9437,0.0080160320641282,0.0050100200400801,0.0140280561122244,0.0050100200400801,0.0090180360721442,0.0130260521042084,0.0050100200400801,0.0200400801603206,0.0090180360721442,0.0220440881763527,0.0250501002004008,0.0110220440881763,0.002004008016032,0.0070140280561122,0.002004008016032,0.0070140280561122,0.0090180360721442,0.0220440881763527,0.0270541082164328,0.0070140280561122,0.0270541082164328,0.0480961923847695,0.0170340681362725,0.0370741482965931,0.0060120240480961,0.0210420841683366,0.0200400801603206,0.0050100200400801,0.0110220440881763,0.0470941883767535,0.0280561122244488,0.0180360721442885,0.0100200400801603,0.0150300601202404,0.0190380761523046,0.003006012024048,0.0140280561122244,0.0290581162324649,0.0190380761523046,0.0220440881763527,0.0230460921843687,0.0240480961923847,0.0430861723446893,0.0120240480961923,0.001002004008016,0.0220440881763527,0.0120240480961923,0.0060120240480961,0.0050100200400801,0.0060120240480961,0.0070140280561122,0.003006012024048,0.0150300601202404,0.0390781563126252,0.0110220440881763,0.0250501002004008,0.0090180360721442,0.0160320641282565,0.0140280561122244,0.0130260521042084,0.0070140280561122,0.0140280561122244,0.0100200400801603,0.0160320641282565,3.2,4.8,6.71,1.8,6.51,12.91,5.21,10.41,4.7,8.41,10.21,4.1,2.1,9.01,5.21,4.7,0,-1,0,0,-1,0,1,35,2,0,-1,0,0.07,0.05
ENSG00000004961,1,0,0,0,1,0,0,0,1,0,0,0,0,0,1,0,0,0,1,0,1,0,0,0,1,0,0,0,0,0,0,1,0,0,0,1,0,0,1,0,0,0,0,1,0,0,1,0,0,0,1,0,0,0,1,0,1,0,0,0,0,0,1,0,0,0,1,0,0,0,1,0,1,0,0,0,0,1,0,0,1,0,0,0,1,0,0,0,1,0,0,0,1,0,0,0,0,0,1,0,1,0,0,0,1,0,0,0,0,0,0,1,0,0,0,1,0,0,1,0,0,0,0,1,0,0,1,0,0,0,1,0,0,0,1,0,0,0,0,1,1,0,0,0,1,0,0,0,1,0,0,0,0,0,1,0,1,0,0,0,0,0,1,0,1,0,0,0,0,0,1,0,1,0,0,0,1,0,0,0,0,0,1,0,0,0,0,1,0,0,0,1,0,0,1,0,1,0,0,0,0,0,1,0,0,1,0,0,0,0,0,1,0,0,1,0,0,0,0,1,0,0,1,0,1,0,0,0,0,0,0,1,1,0,0,0,0,0,1,0,0,0,0,1,0,0,0,1,0,0,1,0,1,0,0,0,1,0,0,0,1,0,0,0,0,0,0,1,0,0,1,0,0,0,1,0,1,0,0,0,1,0,0,0,0,0,0,1,0,1,0,0,0,1,0,0,0,0,0,1,0,0,0,1,0,0,1,0,0,0,1,0,0,0,1,0,0,1,0,0,0,0,0,1,1,0,0,0,0,0,0,1,0,1,0,0,0,1,0,0,0,0,0,1,0,0,1,0,0,0,0,1,1,0,0,0,0,0,1,0,0,0,1,0,0,1,0,0,1,0,0,0,0,0,1,0,0,0,0,1,0,0,0,1,0,1,0,0,0,0,0,1,0,0,1,0,1,0,0,0,1609.1,1411.27,2015.0,45.4,54.6,2.1,1000,1.9904,0.0420841683366733,0.0120240480961923,0.0240480961923847,0.0210420841683366,0.0240480961923847,0.0120240480961923,0.0040080160320641,0.0130260521042084,0.0230460921843687,0.0160320641282565,0.0220440881763527,0.0170340681362725,0.0190380761523046,0.0100200400801603,0.0140280561122244,0.0240480961923847,0.0150300601202404,0.0170340681362725,0.0190380761523046,0.0130260521042084,0.0140280561122244,0.0220440881763527,0.0120240480961923,0.0210420841683366,0.003006012024048,0.0070140280561122,0.0060120240480961,0.0050100200400801,0.0120240480961923,0.0150300601202404,0.0200400801603206,0.0180360721442885,0.0230460921843687,0.0130260521042084,0.0190380761523046,0.0170340681362725,0.0150300601202404,0.0200400801603206,0.0040080160320641,0.0120240480961923,0.0280561122244488,0.0160320641282565,0.0230460921843687,0.002004008016032,0.0110220440881763,0.0040080160320641,0.0140280561122244,0.0120240480961923,0.0180360721442885,0.0110220440881763,0.0160320641282565,0.0160320641282565,0.0110220440881763,0.0150300601202404,0.001002004008016,0.0190380761523046,0.0180360721442885,0.0120240480961923,0.0190380761523046,0.0170340681362725,0.0190380761523046,0.0170340681362725,0.0180360721442885,0.0220440881763527,9.91,5.31,7.81,6.71,6.41,6.91,2.1,6.51,7.21,5.11,7.01,4.1,6.11,4.6,6.61,7.61,0,-1,0,0,-1,0,0,-1,0,0,-1,0,27.38,20.52
ENSG00000004975,0,1,0,0,1,0,0,0,0,0,1,0,0,0,1,0,1,0,0,0,1,0,0,0,0,0,0,1,0,0,0,1,0,1,0,0,0,0,0,1,0,1,0,0,1,0,0,0,1,0,0,0,0,0,1,0,0,0,1,0,0,0,1,0,1,0,0,0,0,0,1,0,1,0,0,0,0,1,0,0,0,0,0,1,0,0,0,1,0,0,1,0,0,0,0,1,0,0,0,1,0,0,0,1,0,0,1,0,1,0,0,0,1,0,0,0,1,0,0,0,1,0,0,0,0,0,0,1,0,0,1,0,1,0,0,0,0,0,1,0,0,0,0,1,0,0,1,0,0,0,0,1,0,1,0,0,0,0,0,1,0,1,0,0,1,0,0,0,0,1,0,0,0,0,0,1,0,0,0,1,0,0,0,1,0,1,0,0,0,1,0,0,0,1,0,0,1,0,0,0,0,1,0,0,0,1,0,0,0,1,0,0,0,0,0,1,1,0,0,0,0,0,0,1,0,1,0,0,0,1,0,0,0,0,0,1,0,0,0,1,0,1,0,0,0,1,0,0,0,0,0,1,0,1,0,0,0,1,0,0,0,1,0,0,0,1,0,0,1,0,0,0,0,1,0,0,0,0,0,1,0,1,0,0,0,0,0,1,0,0,1,0,0,0,0,1,0,0,1,0,0,0,1,0,1,0,0,0,0,1,0,0,0,0,0,1,0,0,0,1,0,0,1,0,1,0,0,0,1,0,0,0,1,0,0,0,0,0,0,1,0,0,0,1,0,0,1,0,1,0,0,0,1,0,0,0,0,0,0,1,0,1,0,0,0,1,0,0,1,0,0,0,0,0,0,1,0,0,0,1,1,0,0,0,0,1,0,0,0,0,1,0,0,0,1,0,0,0,0,1,2261.03,2063.22,792.0,52.9,47.1,3.1,1000,1.9916,0.0140280561122244,0.003006012024048,0.0170340681362725,0.0130260521042084,0.0130260521042084,0.0120240480961923,0.0100200400801603,0.0180360721442885,0.0140280561122244,0.0170340681362725,0.0220440881763527,0.0130260521042084,0.0080160320641282,0.0110220440881763,0.0080160320641282,0.0160320641282565,0.0070140280561122,0.0300601202404809,0.0160320641282565,0.0100200400801603,0.0170340681362725,0.0260521042084168,0.0060120240480961,0.0220440881763527,0.0050100200400801,0.003006012024048,0.0130260521042084,0.0100200400801603,0.0100200400801603,0.0260521042084168,0.0250501002004008,0.0200400801603206,0.0150300601202404,0.0150300601202404,0.0240480961923847,0.0090180360721442,0.0110220440881763,0.0130260521042084,0.0090180360721442,0.0190380761523046,0.0280561122244488,0.0230460921843687,0.0380761523046092,0.0170340681362725,0.0090180360721442,0.0160320641282565,0.0230460921843687,0.0120240480961923,0.0110220440881763,0.0050100200400801,0.0090180360721442,0.0110220440881763,0.0210420841683366,0.0200400801603206,0.0060120240480961,0.0220440881763527,0.0160320641282565,0.0100200400801603,0.033066132264529,0.0200400801603206,0.0090180360721442,0.0160320641282565,0.0230460921843687,0.0300601202404809,4.7,5.31,6.61,4.3,6.31,7.11,3.1,8.11,6.31,5.31,10.61,6.01,3.6,6.91,7.91,7.81,0,-1,0,0,-1,0,1,40,1,0,-1,0,7.36,5.52
ENSG00000005001,0,1,0,0,1,0,0,0,0,0,1,0,0,0,1,0,1,0,0,0,1,0,0,0,0,0,0,1,1,0,0,0,1,0,0,0,0,0,1,0,0,1,0,0,0,1,0,0,1,0,0,0,0,1,0,0,0,1,0,0,0,1,0,0,0,1,0,0,1,0,0,0,0,1,0,0,0,1,0,0,0,1,0,0,1,0,0,0,0,0,1,0,1,0,0,0,0,1,0,0,1,0,0,0,0,1,0,0,0,0,0,1,1,0,0,0,0,0,0,1,0,0,1,0,0,0,1,0,0,0,0,1,0,0,0,1,0,0,1,0,0,0,0,1,0,0,0,1,0,0,0,1,0,0,0,1,0,0,0,1,1,0,0,0,1,0,0,0,0,0,0,1,0,0,0,1,0,1,0,0,1,0,0,0,0,1,0,0,0,1,0,0,0,1,0,0,0,1,0,0,0,1,0,0,0,0,1,0,0,0,1,0,0,1,0,0,0,0,1,0,0,0,1,0,0,0,0,1,1,0,0,0,0,0,1,0,0,1,0,0,1,0,0,0,1,0,0,0,0,0,1,0,0,0,1,0,0,0,1,0,0,1,0,0,0,1,0,0,0,1,0,0,0,0,0,1,0,0,1,0,0,1,0,0,0,0,0,1,0,0,1,0,0,0,1,0,1,0,0,0,0,0,1,0,0,0,1,0,0,1,0,0,0,0,0,1,0,0,0,1,0,0,1,0,0,0,0,1,0,0,0,1,0,0,1,0,1,0,0,0,0,0,0,1,0,1,0,0,0,0,1,0,1,0,0,0,1,0,0,0,0,0,0,1,0,0,1,0,1,0,0,0,0,0,1,0,0,0,0,1,0,0,1,0,1,0,0,0,1,0,0,0,0,0,1,0,0,0,1,0,850.0,652.18,2.0,65.2,34.8,3.1,1000,1.9268,0.003006012024048,0.0090180360721442,0.0120240480961923,0.0070140280561122,0.0100200400801603,0.0240480961923847,0.003006012024048,0.0080160320641282,0.0080160320641282,0.0280561122244488,0.034068136272545,0.0110220440881763,0.002004008016032,0.0050100200400801,0.0040080160320641,0.0060120240480961,0.0090180360721442,0.0230460921843687,0.0420841683366733,0.003006012024048,0.0380761523046092,0.0811623246492986,0.0170340681362725,0.0390781563126252,0.0050100200400801,0.0110220440881763,0.0140280561122244,0.001002004008016,0.0040080160320641,0.0230460921843687,0.033066132264529,0.0170340681362725,0.0130260521042084,0.0110220440881763,0.0220440881763527,0.0060120240480961,0.0150300601202404,0.0460921843687374,0.0080160320641282,0.0150300601202404,0.0260521042084168,0.0300601202404809,0.0430861723446893,0.0170340681362725,0.0040080160320641,0.0130260521042084,0.0140280561122244,0.0080160320641282,0.0060120240480961,0.002004008016032,0.0050100200400801,0.001002004008016,0.0130260521042084,0.0240480961923847,0.003006012024048,0.0160320641282565,0.0130260521042084,0.0150300601202404,0.0250501002004008,0.0100200400801603,0.0040080160320641,0.0150300601202404,0.0120240480961923,0.0090180360721442,3.1,4.5,8.11,1.7,7.71,17.52,3.1,7.81,5.21,8.41,11.61,3.9,1.4,5.61,6.31,4.0,0,-1,0,0,-1,0,0,-1,0,0,-1,0,0.06,0.04
ENSG00000005007,0,1,0,0,1,0,0,0,0,0,1,0,0,0,1,0,0,1,0,0,0,0,0,1,0,0,1,0,0,0,1,0,1,0,0,0,0,0,1,0,0,0,0,1,0,0,1,0,0,1,0,0,1,0,0,0,0,0,1,0,0,0,0,1,0,0,1,0,0,0,1,0,0,0,0,1,0,0,1,0,0,1,0,0,1,0,0,0,1,0,0,0,0,0,0,1,0,1,0,0,0,0,0,1,0,1,0,0,0,0,1,0,0,0,1,0,0,1,0,0,0,0,0,1,0,0,0,1,1,0,0,0,0,1,0,0,0,0,0,1,0,0,1,0,0,1,0,0,1,0,0,0,0,0,1,0,0,1,0,0,0,1,0,0,0,0,0,1,0,1,0,0,1,0,0,0,1,0,0,0,0,1,0,0,0,0,0,1,0,0,0,1,0,1,0,0,0,1,0,0,0,1,0,0,1,0,0,0,0,0,1,0,0,0,1,0,0,0,1,0,0,0,0,1,0,1,0,0,1,0,0,0,1,0,0,0,0,0,1,0,0,1,0,0,0,0,1,0,1,0,0,0,0,0,0,1,0,1,0,0,0,1,0,0,0,0,0,1,0,1,0,0,0,1,0,0,0,1,0,0,1,0,0,0,0,1,0,0,0,1,0,0,0,0,0,1,0,1,0,0,1,0,0,0,0,0,1,0,0,1,0,0,0,1,0,0,0,0,0,1,0,1,0,0,0,1,0,0,0,1,0,0,0,0,0,1,1,0,0,0,0,0,1,0,0,0,0,1,1,0,0,0,0,0,1,0,0,1,0,0,0,0,0,1,0,0,1,0,0,0,1,0,0,0,1,0,1,0,0,0,0,1,0,0,0,0,0,1,1,0,0,0,0,1,0,0,1,0,0,0,1985.85,1788.09,2140.0,59.6,40.4,7.1,1000,1.9664,0.0060120240480961,0.0080160320641282,0.0090180360721442,0.0080160320641282,0.0110220440881763,0.0240480961923847,0.0070140280561122,0.0110220440881763,0.0090180360721442,0.0250501002004008,0.0150300601202404,0.0190380761523046,0.001002004008016,0.0060120240480961,0.0080160320641282,0.0120240480961923,0.0140280561122244,0.0270541082164328,0.0300601202404809,0.0040080160320641,0.0310621242484969,0.0240480961923847,0.0190380761523046,0.0270541082164328,0.0130260521042084,0.0300601202404809,0.0170340681362725,0.0110220440881763,0.0100200400801603,0.034068136272545,0.0230460921843687,0.0080160320641282,0.0060120240480961,0.0110220440881763,0.0190380761523046,0.0090180360721442,0.0190380761523046,0.0270541082164328,0.034068136272545,0.0200400801603206,0.0130260521042084,0.0260521042084168,0.0200400801603206,0.0140280561122244,0.0060120240480961,0.0160320641282565,0.0200400801603206,0.0120240480961923,0.0050100200400801,0.0070140280561122,0.0100200400801603,0.0060120240480961,0.0130260521042084,0.0260521042084168,0.0110220440881763,0.0170340681362725,0.0100200400801603,0.0200400801603206,0.0210420841683366,0.0100200400801603,0.0110220440881763,0.0110220440881763,0.0100200400801603,0.0370741482965931,3.1,5.31,6.81,2.7,7.51,10.11,7.11,7.51,4.5,10.11,7.31,5.41,2.8,6.71,6.11,6.91,0,-1,0,0,-1,0,0,-1,0,0,-1,0,22.95,17.2
ENSG00000005020,0,0,1,0,1,0,0,0,0,0,0,1,0,0,0,1,0,1,0,0,1,0,0,0,1,0,0,0,1,0,0,0,0,1,0,0,0,1,0,0,1,0,0,0,0,0,0,1,0,0,0,1,0,0,0,1,0,0,0,1,0,1,0,0,0,0,0,1,0,0,0,1,0,0,1,0,0,1,0,0,0,1,0,0,0,0,0,1,0,1,0,0,0,1,0,0,0,1,0,0,1,0,0,0,0,0,1,0,1,0,0,0,0,0,1,0,1,0,0,0,1,0,0,0,1,0,0,0,0,1,0,0,1,0,0,0,0,0,0,1,0,0,0,1,0,0,0,1,0,0,1,0,1,0,0,0,0,0,1,0,1,0,0,0,0,0,0,1,0,0,0,1,0,0,0,1,0,1,0,0,1,0,0,0,0,0,0,1,0,0,0,1,0,1,0,0,1,0,0,0,0,1,0,0,0,0,1,0,0,0,0,1,0,1,0,0,0,0,0,1,0,0,0,1,0,0,0,1,0,1,0,0,0,0,0,1,0,0,0,1,0,0,1,0,0,0,0,1,0,0,0,1,1,0,0,0,0,1,0,0,0,1,0,0,1,0,0,0,1,0,0,0,1,0,0,0,1,0,0,0,0,1,0,0,1,0,0,0,1,0,0,0,1,0,0,0,1,0,0,0,1,0,0,0,0,0,0,1,0,0,0,1,0,0,0,1,0,0,1,0,1,0,0,0,1,0,0,0,0,1,0,0,0,0,0,1,0,1,0,0,1,0,0,0,1,0,0,0,1,0,0,0,1,0,0,0,0,0,0,1,0,1,0,0,0,1,0,0,0,0,0,1,0,0,0,1,0,0,0,1,0,0,0,1,0,0,1,0,1,0,0,0,0,0,1,0,0,0,0,1,3319.7,3121.89,2839.0,31.7,68.3,0.4,1000,1.901,0.0511022044088176,0.0180360721442885,0.0140280561122244,0.0390781563126252,0.0200400801603206,0.0080160320641282,0.003006012024048,0.0180360721442885,0.0210420841683366,0.0100200400801603,0.0100200400801603,0.0120240480961923,0.0390781563126252,0.0100200400801603,0.0220440881763527,0.0410821643286573,0.0180360721442885,0.0140280561122244,0.0090180360721442,0.0190380761523046,0.0070140280561122,0.0070140280561122,0.0,0.0190380761523046,0.001002004008016,0.001002004008016,0.001002004008016,0.001002004008016,0.0160320641282565,0.0140280561122244,0.0140280561122244,0.0180360721442885,0.0210420841683366,0.0040080160320641,0.0120240480961923,0.0150300601202404,0.0130260521042084,0.0050100200400801,0.0,0.0090180360721442,0.0120240480961923,0.0060120240480961,0.003006012024048,0.0110220440881763,0.0120240480961923,0.0060120240480961,0.0100200400801603,0.0190380761523046,0.032064128256513,0.0130260521042084,0.0180360721442885,0.0390781563126252,0.0200400801603206,0.0130260521042084,0.001002004008016,0.0160320641282565,0.0170340681362725,0.0100200400801603,0.0180360721442885,0.0230460921843687,0.0350701402805611,0.0200400801603206,0.0220440881763527,0.0480961923847695,12.21,4.9,5.31,11.21,6.01,3.3,0.4,6.21,5.21,2.7,3.2,4.7,10.21,5.01,6.81,12.61,0,-1,0,0,-1,0,0,-1,0,1,57,1,17.44,13.07
ENSG00000005022,1,0,0,0,1,0,0,0,0,0,0,1,0,0,0,1,0,1,0,0,0,0,0,1,1,0,0,0,0,0,0,1,0,0,0,1,0,0,1,0,1,0,0,0,0,0,0,1,0,0,0,1,0,1,0,0,0,1,0,0,0,0,0,1,0,1,0,0,0,0,0,1,1,0,0,0,1,0,0,0,1,0,0,0,0,0,0,1,0,0,1,0,0,0,0,1,0,0,0,1,0,0,0,1,0,1,0,0,0,0,0,1,0,0,1,0,0,0,1,0,1,0,0,0,0,0,1,0,0,0,0,1,0,0,0,1,0,1,0,0,1,0,0,0,0,0,1,0,1,0,0,0,1,0,0,0,1,0,0,0,0,0,0,1,0,1,0,0,0,0,0,1,1,0,0,0,0,0,0,1,0,0,0,1,0,1,0,0,1,0,0,0,1,0,0,0,0,0,0,1,0,1,0,0,0,1,0,0,1,0,0,0,1,0,0,0,0,0,1,0,0,0,1,0,0,0,1,0,0,1,0,0,1,0,0,0,0,1,0,0,0,0,0,1,0,0,0,1,0,0,0,1,1,0,0,0,0,1,0,0,0,1,0,0,0,0,0,1,0,0,1,0,0,0,1,0,0,0,1,0,0,0,1,0,0,0,0,1,0,1,0,0,0,1,0,0,0,0,0,1,0,0,1,0,0,0,1,0,0,0,1,0,1,0,0,0,0,0,1,0,0,1,0,0,0,1,0,0,1,0,0,0,1,0,0,0,1,0,0,0,0,0,0,1,0,0,1,0,0,0,0,1,0,0,0,1,1,0,0,0,1,0,0,0,0,1,0,0,0,0,1,0,0,0,0,1,1,0,0,0,0,0,1,0,0,0,0,1,0,0,0,1,0,1,0,0,0,0,0,1,1252.86,1055.04,31497.12,52.4,47.6,4.1,1000,1.9842,0.0260521042084168,0.0140280561122244,0.0110220440881763,0.0170340681362725,0.0130260521042084,0.0160320641282565,0.0070140280561122,0.0150300601202404,0.0090180360721442,0.0140280561122244,0.0150300601202404,0.0130260521042084,0.0050100200400801,0.0120240480961923,0.0120240480961923,0.0170340681362725,0.0200400801603206,0.0160320641282565,0.0230460921843687,0.0100200400801603,0.0230460921843687,0.0350701402805611,0.0160320641282565,0.0360721442885771,0.0090180360721442,0.0130260521042084,0.0130260521042084,0.0060120240480961,0.0120240480961923,0.033066132264529,0.0230460921843687,0.0200400801603206,0.0080160320641282,0.0140280561122244,0.0110220440881763,0.0080160320641282,0.0170340681362725,0.0250501002004008,0.0100200400801603,0.0100200400801603,0.0090180360721442,0.0220440881763527,0.0220440881763527,0.0140280561122244,0.0090180360721442,0.0170340681362725,0.0070140280561122,0.0130260521042084,0.0140280561122244,0.0070140280561122,0.0060120240480961,0.0110220440881763,0.0160320641282565,0.034068136272545,0.0080160320641282,0.0270541082164328,0.0140280561122244,0.0130260521042084,0.0170340681362725,0.0130260521042084,0.0120240480961923,0.0230460921843687,0.0150300601202404,0.0280561122244488,6.91,5.11,5.11,4.6,6.91,11.01,4.1,8.81,4.1,6.21,6.71,4.6,3.8,8.51,5.71,7.81,0,-1,0,0,-1,0,0,-1,0,0,-1,0,572.43,429.14
ENSG00000005059,1,0,0,0,0,1,0,0,0,1,0,0,0,0,1,0,0,1,0,0,0,1,0,0,1,0,0,0,0,0,1,0,0,0,1,0,1,0,0,0,0,0,1,0,0,0,0,1,0,0,1,0,1,0,0,0,0,0,0,1,0,0,0,1,0,0,0,1,0,0,1,0,0,1,0,0,0,1,0,0,1,0,0,0,0,1,0,0,0,0,0,1,0,0,0,1,1,0,0,0,0,0,0,1,0,0,0,1,0,0,1,0,0,1,0,0,1,0,0,0,0,0,1,0,0,0,1,0,0,0,0,1,0,0,0,1,0,0,0,1,0,0,1,0,0,1,0,0,0,1,0,0,1,0,0,0,1,0,0,0,0,0,0,1,0,0,0,1,0,0,0,1,0,0,0,1,0,0,1,0,1,0,0,0,0,0,0,1,0,0,0,1,0,1,0,0,1,0,0,0,0,0,0,1,0,0,0,1,1,0,0,0,1,0,0,0,0,1,0,0,0,0,0,1,0,0,1,0,1,0,0,0,1,0,0,0,0,1,0,0,0,1,0,0,0,1,0,0,0,0,0,1,0,1,0,0,0,0,0,1,0,0,0,1,0,0,1,0,0,1,0,0,1,0,0,0,0,0,1,0,1,0,0,0,0,0,0,1,0,0,0,1,0,1,0,0,1,0,0,0,0,0,1,0,0,0,1,0,1,0,0,0,0,0,1,0,1,0,0,0,0,0,0,1,1,0,0,0,1,0,0,0,1,0,0,0,1,0,0,0,1,0,0,0,0,0,0,1,0,0,1,0,0,1,0,0,0,0,1,0,0,0,1,0,1,0,0,0,0,0,1,0,0,0,0,1,0,0,1,0,0,1,0,0,0,1,0,0,0,1,0,0,1,0,0,0,0,0,1,0,1878.31,1680.51,1233.0,50.4,49.6,4.9,1000,1.9993,0.0350701402805611,0.0170340681362725,0.0140280561122244,0.0200400801603206,0.0130260521042084,0.0140280561122244,0.0040080160320641,0.0120240480961923,0.0200400801603206,0.0170340681362725,0.0170340681362725,0.0110220440881763,0.0140280561122244,0.0080160320641282,0.0070140280561122,0.0210420841683366,0.0200400801603206,0.0110220440881763,0.0200400801603206,0.0080160320641282,0.0150300601202404,0.0290581162324649,0.0240480961923847,0.0170340681362725,0.0080160320641282,0.0170340681362725,0.0160320641282565,0.0080160320641282,0.0080160320641282,0.0270541082164328,0.0160320641282565,0.0160320641282565,0.0150300601202404,0.0080160320641282,0.0230460921843687,0.0110220440881763,0.0150300601202404,0.0270541082164328,0.0090180360721442,0.0190380761523046,0.0200400801603206,0.0160320641282565,0.0240480961923847,0.0140280561122244,0.0070140280561122,0.0070140280561122,0.0130260521042084,0.0140280561122244,0.0160320641282565,0.0060120240480961,0.0080160320641282,0.0110220440881763,0.0160320641282565,0.0160320641282565,0.0120240480961923,0.0190380761523046,0.0090180360721442,0.0200400801603206,0.0170340681362725,0.0080160320641282,0.0120240480961923,0.0210420841683366,0.0180360721442885,0.0430861723446893,8.61,4.3,6.51,5.01,5.91,8.61,4.9,6.71,5.71,7.01,7.41,4.1,4.1,6.31,5.41,9.41,0,-1,0,0,-1,0,0,-1,0,0,-1,0,14.07,10.55
ENSG00000005073,0,1,0,0,0,0,0,1,1,0,0,0,1,0,0,0,1,0,0,0,0,0,1,0,0,1,0,0,1,0,0,0,0,0,1,0,0,1,0,0,0,1,0,0,0,1,0,0,1,0,0,0,1,0,0,0,0,0,1,0,0,0,1,0,0,1,0,0,0,0,0,1,0,0,0,1,0,0,1,0,0,1,0,0,0,1,0,0,0,0,0,1,0,1,0,0,1,0,0,0,1,0,0,0,0,0,0,1,0,0,0,1,0,0,1,0,0,1,0,0,1,0,0,0,0,0,0,1,0,0,1,0,0,0,1,0,0,0,0,1,0,0,0,1,0,0,0,1,0,1,0,0,0,1,0,0,0,1,0,0,0,0,1,0,1,0,0,0,0,0,1,0,0,0,0,1,0,1,0,0,0,1,0,0,0,0,0,1,0,1,0,0,1,0,0,0,0,0,1,0,0,1,0,0,0,0,0,1,0,1,0,0,0,1,0,0,1,0,0,0,0,0,1,0,1,0,0,0,1,0,0,0,0,0,1,0,1,0,0,0,0,1,0,0,0,1,0,0,1,0,0,0,0,0,1,0,0,0,1,0,0,1,0,0,1,0,0,0,0,0,1,0,1,0,0,0,0,0,0,1,0,0,1,0,0,0,1,0,0,0,1,0,0,0,0,1,0,0,1,0,0,0,1,0,1,0,0,0,0,1,0,0,0,1,0,0,0,0,1,0,0,0,1,0,0,0,0,1,0,0,1,0,1,0,0,0,0,0,1,0,0,1,0,0,1,0,0,0,0,0,1,0,0,1,0,0,1,0,0,0,0,0,1,0,0,0,1,0,0,0,1,0,0,1,0,0,1,0,0,0,0,0,1,0,0,1,0,0,0,1,0,0,0,1,0,0,0,1,0,0,2137.0,1939.18,53.0,59.9,40.1,5.2,1000,1.9504,0.0220440881763527,0.0070140280561122,0.0280561122244488,0.0080160320641282,0.0160320641282565,0.0170340681362725,0.0100200400801603,0.0090180360721442,0.0240480961923847,0.0250501002004008,0.0410821643286573,0.0120240480961923,0.001002004008016,0.0090180360721442,0.0130260521042084,0.0060120240480961,0.0170340681362725,0.0220440881763527,0.0280561122244488,0.0090180360721442,0.0220440881763527,0.0290581162324649,0.0210420841683366,0.0140280561122244,0.0160320641282565,0.0090180360721442,0.0220440881763527,0.0050100200400801,0.0090180360721442,0.0200400801603206,0.0160320641282565,0.0090180360721442,0.0210420841683366,0.0190380761523046,0.0400801603206412,0.0100200400801603,0.0250501002004008,0.0190380761523046,0.0150300601202404,0.0180360721442885,0.0360721442885771,0.0260521042084168,0.0470941883767535,0.0160320641282565,0.003006012024048,0.0110220440881763,0.0160320641282565,0.0090180360721442,0.0050100200400801,0.0040080160320641,0.0060120240480961,0.002004008016032,0.0130260521042084,0.0210420841683366,0.0060120240480961,0.0120240480961923,0.0140280561122244,0.0170340681362725,0.0150300601202404,0.0060120240480961,0.0040080160320641,0.0120240480961923,0.0070140280561122,0.0070140280561122,6.51,5.21,10.21,2.9,7.61,8.61,5.21,5.41,9.01,7.71,12.51,3.9,1.7,5.21,5.21,3.1,0,-1,0,0,-1,0,0,-1,0,1,15,1,0.52,0.39
ENSG00000005075,0,1,0,0,0,0,0,1,1,0,0,0,0,0,0,1,0,0,0,1,0,1,0,0,0,0,0,1,0,0,0,1,1,0,0,0,0,0,0,1,0,0,0,1,0,0,0,1,0,0,0,1,1,0,0,0,0,0,0,1,1,0,0,0,0,0,0,1,1,0,0,0,0,0,0,1,0,0,0,1,0,0,0,1,0,0,0,1,1,0,0,0,0,0,0,1,0,0,0,1,1,0,0,0,0,0,0,1,1,0,0,0,0,1,0,0,0,0,0,1,0,0,1,0,0,0,1,0,1,0,0,0,1,0,0,0,0,1,0,0,1,0,0,0,0,0,1,0,0,1,0,0,0,0,0,1,0,1,0,0,0,0,1,0,0,0,0,1,0,0,1,0,0,1,0,0,0,1,0,0,0,1,0,0,0,0,0,1,0,1,0,0,0,0,1,0,0,0,1,0,0,0,0,1,0,1,0,0,0,0,0,1,0,1,0,0,0,0,0,1,0,0,0,1,0,0,1,0,0,1,0,0,0,1,0,0,0,0,0,1,0,1,0,0,0,0,1,0,0,0,1,0,0,1,0,0,1,0,0,0,0,1,0,0,0,1,0,0,0,0,0,1,0,0,1,0,0,0,1,0,0,0,1,0,0,0,0,1,0,0,1,0,0,0,1,0,0,1,0,0,0,0,0,1,0,0,0,1,0,0,1,0,0,1,0,0,0,0,0,1,0,0,1,0,0,1,0,0,0,1,0,0,0,1,0,0,1,0,0,0,0,1,0,0,1,0,0,0,0,0,0,1,0,1,0,0,0,1,0,0,1,0,0,0,0,1,0,0,0,1,0,0,1,0,0,0,1,0,0,0,0,0,1,0,0,0,0,1,0,0,1,0,0,1,0,0,1,0,0,0,778.85,581.05,2220.39,58.5,41.5,4.3,1000,1.9788,0.0240480961923847,0.0070140280561122,0.0130260521042084,0.0100200400801603,0.0110220440881763,0.0100200400801603,0.0080160320641282,0.0120240480961923,0.0140280561122244,0.0210420841683366,0.0310621242484969,0.0060120240480961,0.0190380761523046,0.0110220440881763,0.0090180360721442,0.0070140280561122,0.0110220440881763,0.0180360721442885,0.0250501002004008,0.0110220440881763,0.0230460921843687,0.034068136272545,0.0100200400801603,0.0260521042084168,0.0050100200400801,0.0160320641282565,0.0190380761523046,0.003006012024048,0.0120240480961923,0.0290581162324649,0.0350701402805611,0.0130260521042084,0.0080160320641282,0.0070140280561122,0.0250501002004008,0.0100200400801603,0.0230460921843687,0.0300601202404809,0.0170340681362725,0.0260521042084168,0.0220440881763527,0.032064128256513,0.0501002004008016,0.0140280561122244,0.0070140280561122,0.0090180360721442,0.0090180360721442,0.0060120240480961,0.0110220440881763,0.0090180360721442,0.0090180360721442,0.0150300601202404,0.0080160320641282,0.0190380761523046,0.0080160320641282,0.0240480961923847,0.0090180360721442,0.0270541082164328,0.0180360721442885,0.0080160320641282,0.0060120240480961,0.0100200400801603,0.0090180360721442,0.0100200400801603,5.41,4.1,7.21,4.6,6.51,9.31,4.3,8.91,5.01,9.61,11.81,3.1,4.4,5.91,6.21,3.6,0,-1,0,0,-1,0,0,-1,0,0,-1,0,73.27,54.93
ENSG00000005100,0,1,0,0,1,0,0,0,0,0,1,0,0,0,0,1,0,0,0,1,0,1,0,0,0,0,0,1,0,0,1,0,1,0,0,0,1,0,0,0,0,0,0,1,0,1,0,0,0,0,0,1,0,0,0,1,0,1,0,0,1,0,0,0,0,1,0,0,0,0,0,1,0,0,1,0,1,0,0,0,1,0,0,0,0,0,1,0,0,0,0,1,0,0,1,0,0,0,0,1,0,1,0,0,0,0,0,1,0,0,1,0,0,0,0,1,0,0,1,0,1,0,0,0,0,0,0,1,0,0,1,0,0,0,1,0,0,0,1,0,0,0,1,0,0,0,0,1,0,0,0,1,0,0,1,0,0,1,0,0,1,0,0,0,0,1,0,0,1,0,0,0,0,0,1,0,0,1,0,0,0,1,0,0,1,0,0,0,0,0,0,1,0,0,1,0,0,0,0,1,1,0,0,0,0,0,1,0,1,0,0,0,0,0,1,0,1,0,0,0,1,0,0,0,0,1,0,0,0,0,0,1,0,0,0,1,0,0,1,0,1,0,0,0,0,0,1,0,1,0,0,0,0,0,1,0,0,0,0,1,0,1,0,0,0,0,0,1,0,0,1,0,0,0,1,0,0,1,0,0,0,0,0,1,0,0,1,0,0,0,1,0,1,0,0,0,1,0,0,0,0,0,0,1,0,0,1,0,0,0,1,0,0,0,0,1,0,0,0,1,0,0,1,0,0,0,1,0,0,0,1,0,0,0,1,0,0,0,1,0,1,0,0,0,1,0,0,0,1,0,0,0,0,0,1,0,0,0,1,0,1,0,0,0,1,0,0,0,1,0,0,0,0,0,1,0,1,0,0,0,0,0,0,1,1,0,0,0,1,0,0,0,1,0,0,0,1,0,0,0,4788.54,4590.72,6597.0,46.5,53.5,2.9,1000,1.9939,0.0380761523046092,0.0180360721442885,0.0200400801603206,0.0230460921843687,0.0190380761523046,0.0140280561122244,0.0060120240480961,0.0180360721442885,0.0280561122244488,0.0100200400801603,0.0190380761523046,0.0150300601202404,0.0110220440881763,0.0140280561122244,0.0150300601202404,0.0180360721442885,0.0170340681362725,0.0140280561122244,0.0180360721442885,0.0140280561122244,0.0180360721442885,0.0200400801603206,0.0070140280561122,0.0190380761523046,0.0040080160320641,0.0090180360721442,0.0120240480961923,0.0040080160320641,0.0100200400801603,0.0130260521042084,0.0240480961923847,0.0180360721442885,0.0240480961923847,0.0130260521042084,0.0270541082164328,0.0120240480961923,0.0110220440881763,0.0140280561122244,0.0120240480961923,0.0110220440881763,0.0210420841683366,0.0190380761523046,0.0220440881763527,0.0110220440881763,0.0110220440881763,0.0080160320641282,0.0100200400801603,0.0170340681362725,0.0200400801603206,0.0120240480961923,0.0070140280561122,0.0090180360721442,0.0140280561122244,0.0160320641282565,0.0040080160320641,0.0170340681362725,0.0230460921843687,0.0100200400801603,0.0200400801603206,0.0160320641282565,0.0160320641282565,0.0170340681362725,0.0200400801603206,0.0270541082164328,9.91,5.71,7.21,5.81,6.31,6.41,2.9,6.51,7.61,4.8,7.31,4.6,4.8,5.21,6.91,8.01,0,-1,0,0,-1,0,1,81,1,0,-1,0,27.55,20.66
ENSG00000005102,0,0,1,0,1,0,0,0,0,0,1,0,1,0,0,0,0,1,0,0,0,1,0,0,1,0,0,0,0,0,1,0,0,1,0,0,1,0,0,0,0,0,1,0,0,0,1,0,0,0,1,0,0,1,0,0,0,0,1,0,0,1,0,0,1,0,0,0,0,0,1,0,0,1,0,0,0,1,0,0,1,0,0,0,0,0,0,1,0,0,1,0,1,0,0,0,0,0,1,0,0,0,1,0,1,0,0,0,1,0,0,0,0,0,1,0,1,0,0,0,0,1,0,0,0,0,0,1,0,0,1,0,0,0,1,0,0,0,1,0,0,1,0,0,1,0,0,0,0,0,0,1,0,1,0,0,1,0,0,0,1,0,0,0,0,0,1,0,1,0,0,0,0,0,0,1,0,0,1,0,0,0,1,0,0,1,0,0,1,0,0,0,0,1,0,0,0,0,0,1,0,0,0,1,0,0,1,0,0,0,1,0,0,0,1,0,0,1,0,0,0,0,0,1,0,0,1,0,0,0,1,0,0,1,0,0,0,0,0,1,0,0,1,0,0,1,0,0,0,1,0,0,0,1,0,0,0,0,0,1,0,0,1,0,0,0,0,1,0,0,1,0,1,0,0,0,0,0,0,1,0,0,1,0,0,0,0,1,0,0,1,0,0,1,0,0,1,0,0,0,0,1,0,0,0,1,0,0,1,0,0,0,0,0,1,0,0,1,0,0,0,1,0,0,0,1,0,0,0,0,1,0,0,0,1,0,1,0,0,0,0,0,1,0,1,0,0,0,0,1,0,0,0,1,0,0,0,1,0,0,1,0,0,0,0,1,0,0,0,0,1,0,0,0,0,1,0,0,1,0,0,1,0,0,0,1,0,0,0,0,0,1,0,0,1,0,0,1,0,0,1798.5,1600.68,0.0,46.4,53.6,1.1,1000,1.9923,0.0360721442885771,0.0050100200400801,0.0260521042084168,0.0210420841683366,0.0070140280561122,0.0120240480961923,0.002004008016032,0.0150300601202404,0.0300601202404809,0.0130260521042084,0.0230460921843687,0.0110220440881763,0.0070140280561122,0.0100200400801603,0.0150300601202404,0.0200400801603206,0.0120240480961923,0.0140280561122244,0.0200400801603206,0.0110220440881763,0.0150300601202404,0.0180360721442885,0.0050100200400801,0.0240480961923847,0.001002004008016,0.0050100200400801,0.0040080160320641,0.001002004008016,0.0070140280561122,0.0230460921843687,0.0210420841683366,0.0280561122244488,0.0220440881763527,0.0120240480961923,0.0240480961923847,0.0140280561122244,0.0230460921843687,0.0150300601202404,0.002004008016032,0.0130260521042084,0.0230460921843687,0.0160320641282565,0.0240480961923847,0.0110220440881763,0.0040080160320641,0.0060120240480961,0.032064128256513,0.0120240480961923,0.0180360721442885,0.0050100200400801,0.0070140280561122,0.0060120240480961,0.0120240480961923,0.0180360721442885,0.002004008016032,0.0270541082164328,0.0170340681362725,0.0190380761523046,0.0230460921843687,0.0310621242484969,0.0180360721442885,0.0200400801603206,0.0220440881763527,0.0380761523046092,8.81,3.6,7.71,5.21,5.71,6.31,1.1,7.91,7.21,5.31,7.41,5.41,3.6,5.91,9.01,9.81,0,-1,0,0,-1,0,0,-1,0,1,4,1,0.0,0.0
ENSG00000005108,0,0,0,1,0,0,0,1,0,1,0,0,0,0,0,1,1,0,0,0,0,0,0,1,0,0,0,1,1,0,0,0,0,1,0,0,0,0,0,1,1,0,0,0,0,1,0,0,0,0,0,1,0,0,1,0,0,0,1,0,0,0,0,1,1,0,0,0,0,0,1,0,1,0,0,0,1,0,0,0,0,0,1,0,1,0,0,0,1,0,0,0,1,0,0,0,0,0,1,0,0,0,0,1,0,0,1,0,1,0,0,0,1,0,0,0,1,0,0,0,1,0,0,0,0,1,0,0,1,0,0,0,0,1,0,0,1,0,0,0,1,0,0,0,1,0,0,0,0,0,1,0,0,0,1,0,1,0,0,0,0,1,0,0,1,0,0,0,1,0,0,0,1,0,0,0,1,0,0,0,0,0,1,0,1,0,0,0,0,0,0,1,0,0,1,0,0,1,0,0,1,0,0,0,1,0,0,0,1,0,0,0,0,1,0,0,1,0,0,0,0,1,0,0,1,0,0,0,0,0,0,1,0,0,1,0,0,0,0,1,0,0,1,0,0,0,1,0,0,0,0,1,0,0,0,1,0,1,0,0,0,1,0,0,0,0,0,1,0,0,0,1,1,0,0,0,0,0,0,1,0,0,0,1,0,0,0,1,1,0,0,0,0,0,1,0,1,0,0,0,0,0,0,1,0,0,0,1,0,0,1,0,0,1,0,0,0,0,1,0,1,0,0,0,0,1,0,0,1,0,0,0,0,0,1,0,0,0,1,0,0,1,0,0,1,0,0,0,0,0,0,1,0,0,0,1,0,0,0,1,0,0,0,1,0,0,1,0,0,1,0,0,0,0,0,1,1,0,0,0,0,1,0,0,1,0,0,0,0,0,1,0,0,0,0,1,1,0,0,0,8760.9,8563.08,4459.0,42.4,57.6,2.1,1000,1.9808,0.0310621242484969,0.0100200400801603,0.0230460921843687,0.0260521042084168,0.0250501002004008,0.0070140280561122,0.002004008016032,0.0160320641282565,0.0230460921843687,0.0120240480961923,0.0120240480961923,0.0150300601202404,0.0190380761523046,0.0100200400801603,0.0130260521042084,0.034068136272545,0.0160320641282565,0.0140280561122244,0.0180360721442885,0.0190380761523046,0.0100200400801603,0.0250501002004008,0.0050100200400801,0.0250501002004008,0.001002004008016,0.0100200400801603,0.0080160320641282,0.002004008016032,0.0120240480961923,0.0290581162324649,0.0220440881763527,0.0110220440881763,0.0190380761523046,0.0140280561122244,0.0070140280561122,0.0130260521042084,0.0140280561122244,0.0180360721442885,0.0050100200400801,0.0170340681362725,0.0100200400801603,0.0100200400801603,0.0150300601202404,0.0110220440881763,0.0120240480961923,0.0070140280561122,0.0120240480961923,0.0110220440881763,0.0240480961923847,0.0120240480961923,0.0140280561122244,0.0180360721442885,0.0180360721442885,0.0160320641282565,0.0090180360721442,0.0160320641282565,0.0190380761523046,0.0220440881763527,0.0110220440881763,0.0140280561122244,0.0250501002004008,0.0130260521042084,0.0190380761523046,0.0480961923847695,9.01,5.01,6.21,7.61,6.71,6.61,2.1,7.41,5.31,5.41,4.6,4.2,6.81,5.91,6.61,10.51,0,-1,0,0,-1,0,0,-1,0,0,-1,0,9.98,7.49
ENSG00000005156,0,0,1,0,0,0,0,1,0,0,0,1,1,0,0,0,1,0,0,0,1,0,0,0,0,1,0,0,0,0,0,1,0,0,0,1,1,0,0,0,0,0,1,0,0,0,0,1,0,1,0,0,1,0,0,0,1,0,0,0,1,0,0,0,0,1,0,0,1,0,0,0,1,0,0,0,1,0,0,0,0,1,0,0,0,0,0,1,0,0,0,1,1,0,0,0,1,0,0,0,0,0,0,1,0,0,1,0,0,0,0,1,1,0,0,0,0,0,0,1,0,1,0,0,0,1,0,0,1,0,0,0,1,0,0,0,0,0,0,1,1,0,0,0,0,1,0,0,1,0,0,0,1,0,0,0,1,0,0,0,1,0,0,0,0,1,0,0,0,0,0,1,0,1,0,0,1,0,0,0,0,0,0,1,0,1,0,0,0,0,0,1,0,0,0,1,0,0,0,1,0,1,0,0,0,0,0,1,1,0,0,0,1,0,0,0,0,1,0,0,0,1,0,0,0,1,0,0,0,0,0,1,1,0,0,0,1,0,0,0,0,1,0,0,1,0,0,0,0,1,0,0,0,1,0,0,0,0,0,1,0,1,0,0,0,1,0,0,0,0,0,1,0,1,0,0,0,0,0,1,0,0,0,1,0,1,0,0,0,1,0,0,0,0,0,1,0,1,0,0,0,0,0,1,0,1,0,0,0,0,0,1,1,0,0,0,0,0,0,1,0,0,0,1,0,0,0,1,0,0,0,1,0,1,0,0,0,0,0,1,1,0,0,0,0,0,0,1,0,0,0,1,0,0,0,1,0,1,0,0,1,0,0,0,0,0,1,0,0,0,0,1,0,0,0,1,0,0,1,0,1,0,0,0,0,0,0,1,0,0,1,0,0,0,1,0,0,0,0,1,2703.34,2505.53,5978.0,45.4,54.6,3.2,1000,1.9733,0.032064128256513,0.0190380761523046,0.0100200400801603,0.0180360721442885,0.0230460921843687,0.0130260521042084,0.0080160320641282,0.0220440881763527,0.0180360721442885,0.0100200400801603,0.0130260521042084,0.0120240480961923,0.0130260521042084,0.0200400801603206,0.0110220440881763,0.0220440881763527,0.0190380761523046,0.0210420841683366,0.0210420841683366,0.0150300601202404,0.0190380761523046,0.0210420841683366,0.0090180360721442,0.0250501002004008,0.0070140280561122,0.0110220440881763,0.0080160320641282,0.0060120240480961,0.0210420841683366,0.0390781563126252,0.0140280561122244,0.0250501002004008,0.0120240480961923,0.0100200400801603,0.0140280561122244,0.0120240480961923,0.0090180360721442,0.0150300601202404,0.0100200400801603,0.0160320641282565,0.0090180360721442,0.0140280561122244,0.0140280561122244,0.0050100200400801,0.0060120240480961,0.0090180360721442,0.003006012024048,0.0130260521042084,0.0160320641282565,0.0160320641282565,0.0080160320641282,0.0210420841683366,0.0250501002004008,0.0260521042084168,0.0050100200400801,0.0360721442885771,0.0140280561122244,0.0150300601202404,0.0070140280561122,0.0070140280561122,0.0210420841683366,0.0240480961923847,0.0150300601202404,0.0260521042084168,7.91,6.61,5.31,6.61,7.61,7.51,3.2,9.91,4.8,5.01,4.2,3.1,6.11,9.21,4.3,8.61,0,-1,0,0,-1,0,1,42,1,0,-1,0,45.75,34.3
ENSG00000005175,0,0,1,0,0,1,0,0,1,0,0,0,0,1,0,0,1,0,0,0,0,0,1,0,0,1,0,0,0,1,0,0,0,0,1,0,0,0,0,1,1,0,0,0,0,0,0,1,0,1,0,0,0,1,0,0,0,0,0,1,1,0,0,0,0,0,0,1,0,0,1,0,0,1,0,0,0,0,0,1,0,0,0,1,0,0,0,1,1,0,0,0,1,0,0,0,1,0,0,0,1,0,0,0,1,0,0,0,1,0,0,0,0,0,0,1,0,0,0,1,0,1,0,0,0,0,0,1,0,0,1,0,1,0,0,0,0,0,0,1,0,0,0,1,0,0,1,0,0,0,1,0,0,1,0,0,0,0,0,1,0,0,0,1,0,1,0,0,1,0,0,0,0,1,0,0,0,0,0,1,0,1,0,0,1,0,0,0,1,0,0,0,0,0,1,0,1,0,0,0,0,1,0,0,0,0,0,1,1,0,0,0,0,0,1,0,0,0,0,1,0,0,0,1,1,0,0,0,0,1,0,0,1,0,0,0,0,0,0,1,0,1,0,0,1,0,0,0,0,0,1,0,1,0,0,0,1,0,0,0,0,0,0,1,0,1,0,0,0,0,0,1,0,1,0,0,0,0,0,1,0,0,1,0,0,0,1,0,0,0,1,0,1,0,0,0,0,0,0,1,1,0,0,0,0,0,1,0,0,0,1,0,1,0,0,0,0,1,0,0,1,0,0,0,0,1,0,0,1,0,0,0,0,0,1,0,1,0,0,0,1,0,0,0,1,0,0,0,0,0,0,1,0,1,0,0,1,0,0,0,0,0,1,0,0,0,0,1,1,0,0,0,0,0,0,1,1,0,0,0,0,1,0,0,1,0,0,0,0,1,0,0,1,0,0,0,0,1,0,0,2054.17,1856.35,3931.0,42.3,57.7,2.0,1000,1.9784,0.0430861723446893,0.0080160320641282,0.0350701402805611,0.0120240480961923,0.0470941883767535,0.0070140280561122,0.0050100200400801,0.0160320641282565,0.0280561122244488,0.0140280561122244,0.0240480961923847,0.0190380761523046,0.0140280561122244,0.0120240480961923,0.0090180360721442,0.0220440881763527,0.0180360721442885,0.0430861723446893,0.0260521042084168,0.0100200400801603,0.0110220440881763,0.0060120240480961,0.0040080160320641,0.0090180360721442,0.0050100200400801,0.0050100200400801,0.0060120240480961,0.0040080160320641,0.0070140280561122,0.0140280561122244,0.0160320641282565,0.0160320641282565,0.0200400801603206,0.0130260521042084,0.0140280561122244,0.0170340681362725,0.0130260521042084,0.0060120240480961,0.0090180360721442,0.0140280561122244,0.0220440881763527,0.0110220440881763,0.0210420841683366,0.0110220440881763,0.0100200400801603,0.0110220440881763,0.0070140280561122,0.0240480961923847,0.0170340681362725,0.0110220440881763,0.0100200400801603,0.0180360721442885,0.0260521042084168,0.0110220440881763,0.002004008016032,0.0140280561122244,0.0090180360721442,0.0110220440881763,0.0140280561122244,0.0180360721442885,0.0250501002004008,0.0160320641282565,0.0200400801603206,0.0380761523046092,9.81,7.51,8.51,5.71,9.71,3.0,2.0,5.31,6.41,4.2,6.51,5.21,5.61,5.31,5.21,10.01,0,-1,0,0,-1,0,1,48,1,0,-1,0,40.6,30.44
ENSG00000005187,0,1,0,0,0,0,0,1,0,0,0,1,1,0,0,0,0,1,0,0,0,0,0,1,0,0,0,1,0,1,0,0,0,0,0,1,0,0,0,1,0,0,1,0,0,0,1,0,1,0,0,0,0,0,1,0,0,0,1,0,1,0,0,0,0,0,1,0,0,0,1,0,0,0,0,1,0,0,0,1,0,0,1,0,1,0,0,0,0,0,1,0,0,0,1,0,0,0,1,0,0,0,0,1,0,0,0,1,0,0,0,1,0,1,0,0,0,0,0,1,1,0,0,0,1,0,0,0,0,0,1,0,0,0,1,0,1,0,0,0,0,0,0,1,1,0,0,0,1,0,0,0,0,0,0,1,0,0,0,1,0,1,0,0,0,0,0,1,0,0,0,1,0,0,0,1,0,0,1,0,0,0,0,1,0,0,1,0,1,0,0,0,0,1,0,0,0,0,0,1,0,0,1,0,1,0,0,0,1,0,0,0,1,0,0,0,0,0,0,1,1,0,0,0,0,0,0,1,0,0,0,1,0,0,1,0,0,0,0,1,1,0,0,0,1,0,0,0,1,0,0,0,0,0,0,1,0,0,1,0,0,0,0,1,0,1,0,0,1,0,0,0,0,0,0,1,0,0,0,1,0,0,1,0,1,0,0,0,0,1,0,0,0,1,0,0,0,1,0,0,0,0,0,1,0,0,0,1,0,1,0,0,0,0,0,1,0,1,0,0,1,0,0,0,0,0,0,1,0,0,0,1,1,0,0,0,0,0,0,1,0,0,0,1,0,0,0,1,0,1,0,0,1,0,0,0,1,0,0,0,0,1,0,0,0,0,0,1,0,0,1,0,0,1,0,0,0,0,0,1,1,0,0,0,0,0,0,1,0,0,0,1,1,0,0,0,0,0,0,1,2301.31,2103.49,1485.0,37.4,62.6,0.2,1000,1.9434,0.0350701402805611,0.0090180360721442,0.0150300601202404,0.033066132264529,0.0110220440881763,0.0050100200400801,0.0,0.0140280561122244,0.0260521042084168,0.0100200400801603,0.0230460921843687,0.0120240480961923,0.0180360721442885,0.0100200400801603,0.0180360721442885,0.0410821643286573,0.0150300601202404,0.003006012024048,0.0140280561122244,0.0190380761523046,0.0120240480961923,0.0050100200400801,0.001002004008016,0.0160320641282565,0.0,0.001002004008016,0.001002004008016,0.0,0.0100200400801603,0.0070140280561122,0.032064128256513,0.0250501002004008,0.0140280561122244,0.0110220440881763,0.0280561122244488,0.0120240480961923,0.0100200400801603,0.0130260521042084,0.001002004008016,0.0220440881763527,0.0150300601202404,0.0200400801603206,0.0080160320641282,0.0120240480961923,0.0140280561122244,0.0070140280561122,0.0060120240480961,0.0190380761523046,0.0280561122244488,0.0070140280561122,0.0140280561122244,0.0230460921843687,0.0180360721442885,0.0110220440881763,0.0,0.0210420841683366,0.0240480961923847,0.0150300601202404,0.0230460921843687,0.0220440881763527,0.0300601202404809,0.0260521042084168,0.0290581162324649,0.0541082164328657,9.21,3.0,7.11,8.71,5.11,3.4,0.2,7.41,6.51,4.6,5.51,4.6,7.21,5.01,8.51,13.91,0,-1,0,0,-1,0,0,-1,0,0,-1,0,13.54,10.15
ENSG00000005189,1,0,0,0,1,0,0,0,1,0,0,0,1,0,0,0,1,0,0,0,1,0,0,0,0,0,1,0,1,0,0,0,0,0,0,1,0,1,0,0,1,0,0,0,0,1,0,0,0,0,0,1,1,0,0,0,0,0,1,0,1,0,0,0,1,0,0,0,1,0,0,0,1,0,0,0,0,0,0,1,0,0,1,0,0,0,1,0,0,0,1,0,0,0,0,1,0,0,0,1,0,0,0,1,0,0,1,0,0,0,0,1,1,0,0,0,1,0,0,0,1,0,0,0,1,0,0,0,1,0,0,0,0,0,1,0,0,0,0,1,1,0,0,0,0,0,1,0,1,0,0,0,0,0,1,0,0,0,1,0,0,0,0,1,0,0,0,1,0,1,0,0,0,1,0,0,0,0,0,1,0,1,0,0,0,0,0,1,0,0,0,1,0,1,0,0,1,0,0,0,1,0,0,0,1,0,0,0,0,0,1,0,1,0,0,0,0,1,0,0,0,0,0,1,0,0,0,1,0,1,0,0,0,1,0,0,0,0,0,1,0,0,0,1,0,1,0,0,0,1,0,0,0,1,0,0,0,1,0,0,0,0,1,0,0,0,0,1,0,1,0,0,0,0,0,1,1,0,0,0,1,0,0,0,0,0,0,1,0,0,0,1,1,0,0,0,0,0,1,0,0,0,1,0,1,0,0,0,1,0,0,0,0,0,0,1,1,0,0,0,1,0,0,0,1,0,0,0,0,0,0,1,1,0,0,0,0,0,1,0,0,0,0,1,1,0,0,0,1,0,0,0,0,1,0,0,0,0,0,1,0,0,0,1,0,1,0,0,0,0,0,1,0,1,0,0,0,0,0,1,0,0,0,1,1,0,0,0,0,0,1,0,1,0,0,0,0,0,1,0,1901.45,1703.65,356.0,49.4,50.6,3.9,1000,1.9962,0.0380761523046092,0.0120240480961923,0.0180360721442885,0.0210420841683366,0.0140280561122244,0.0180360721442885,0.0060120240480961,0.0130260521042084,0.0180360721442885,0.0120240480961923,0.0240480961923847,0.0180360721442885,0.0140280561122244,0.0040080160320641,0.0090180360721442,0.0130260521042084,0.0180360721442885,0.0150300601202404,0.0240480961923847,0.0060120240480961,0.0190380761523046,0.0210420841683366,0.0160320641282565,0.032064128256513,0.0080160320641282,0.0140280561122244,0.0090180360721442,0.0080160320641282,0.0110220440881763,0.0200400801603206,0.0230460921843687,0.0260521042084168,0.0130260521042084,0.0120240480961923,0.0150300601202404,0.0040080160320641,0.0150300601202404,0.0270541082164328,0.0080160320641282,0.0140280561122244,0.0120240480961923,0.0200400801603206,0.0130260521042084,0.0130260521042084,0.0100200400801603,0.0170340681362725,0.0120240480961923,0.0170340681362725,0.0190380761523046,0.0120240480961923,0.0150300601202404,0.0090180360721442,0.0150300601202404,0.0230460921843687,0.0090180360721442,0.0210420841683366,0.0060120240480961,0.0180360721442885,0.0120240480961923,0.0170340681362725,0.0200400801603206,0.0270541082164328,0.0090180360721442,0.0220440881763527,8.91,5.11,7.21,4.0,6.31,8.91,3.9,8.01,4.4,6.41,5.81,5.61,5.51,6.81,5.31,7.81,0,-1,0,0,-1,0,0,-1,0,0,-1,0,4.01,3.0
ENSG00000005194,1,0,0,0,0,0,1,0,0,0,1,0,0,0,1,0,0,0,0,1,0,0,1,0,0,0,1,0,0,1,0,0,1,0,0,0,0,1,0,0,0,0,1,0,0,1,0,0,1,0,0,0,0,1,0,0,0,0,0,1,0,0,0,1,0,0,1,0,0,0,0,1,1,0,0,0,0,0,1,0,0,0,0,1,0,1,0,0,0,1,0,0,0,1,0,0,1,0,0,0,0,0,1,0,0,1,0,0,0,0,0,1,0,1,0,0,0,1,0,0,0,0,0,1,0,0,0,1,0,0,1,0,0,0,1,0,0,0,1,0,1,0,0,0,0,0,1,0,0,0,1,0,0,1,0,0,0,0,0,1,0,0,1,0,1,0,0,0,0,0,1,0,0,0,1,0,1,0,0,0,0,0,1,0,0,1,0,0,0,1,0,0,1,0,0,0,0,0,1,0,1,0,0,0,0,1,0,0,0,1,0,0,0,1,0,0,0,0,0,1,0,0,1,0,0,0,0,1,0,1,0,0,0,0,0,1,0,1,0,0,1,0,0,0,0,0,1,0,1,0,0,0,1,0,0,0,1,0,0,0,1,0,0,0,1,0,0,0,1,0,0,0,1,0,0,0,1,0,0,0,1,0,0,0,1,0,0,0,1,0,0,0,1,0,0,0,1,0,0,0,1,0,0,0,0,0,1,0,1,0,0,0,1,0,0,0,1,0,0,0,1,0,0,0,1,0,0,0,1,0,0,0,1,0,0,0,1,0,0,0,0,0,1,0,1,0,0,0,1,0,0,0,1,0,0,0,0,1,0,0,1,0,0,0,0,0,1,0,1,0,0,0,1,0,0,0,0,0,0,1,1,0,0,0,0,0,1,0,0,0,0,1,1,0,0,0,0,0,0,1,1846.03,1648.21,7582.0,54.1,45.9,5.8,1000,1.9898,0.0410821643286573,0.0110220440881763,0.0210420841683366,0.0160320641282565,0.0120240480961923,0.0140280561122244,0.0110220440881763,0.0130260521042084,0.0160320641282565,0.0180360721442885,0.0230460921843687,0.0150300601202404,0.0150300601202404,0.0060120240480961,0.0170340681362725,0.0080160320641282,0.0130260521042084,0.0150300601202404,0.0240480961923847,0.0100200400801603,0.0210420841683366,0.034068136272545,0.0230460921843687,0.0190380761523046,0.0090180360721442,0.0220440881763527,0.0160320641282565,0.0110220440881763,0.0070140280561122,0.0240480961923847,0.0200400801603206,0.0130260521042084,0.0230460921843687,0.0130260521042084,0.0170340681362725,0.0070140280561122,0.0180360721442885,0.033066132264529,0.0130260521042084,0.0190380761523046,0.0160320641282565,0.0290581162324649,0.0140280561122244,0.0100200400801603,0.0140280561122244,0.0100200400801603,0.0160320641282565,0.0070140280561122,0.0120240480961923,0.0110220440881763,0.0090180360721442,0.0130260521042084,0.0110220440881763,0.0160320641282565,0.0110220440881763,0.0130260521042084,0.0190380761523046,0.0140280561122244,0.0160320641282565,0.0120240480961923,0.0090180360721442,0.0110220440881763,0.0080160320641282,0.0160320641282565,8.91,5.01,7.21,4.6,6.21,9.71,5.81,6.41,6.01,8.31,6.91,4.8,4.5,5.11,6.11,4.4,0,-1,0,0,-1,0,1,79,1,1,11,1,88.21,66.13
ENSG00000005206,0,0,1,0,0,1,0,0,1,0,0,0,0,0,1,0,0,1,0,0,0,1,0,0,0,0,0,1,0,1,0,0,1,0,0,0,1,0,0,0,1,0,0,0,0,1,0,0,0,1,0,0,0,1,0,0,0,0,0,1,1,0,0,0,0,0,1,0,0,0,1,0,0,0,1,0,0,0,0,1,0,0,1,0,1,0,0,0,1,0,0,0,0,0,1,0,0,1,0,0,0,1,0,0,1,0,0,0,0,1,0,0,0,1,0,0,0,1,0,0,0,0,0,1,0,1,0,0,0,1,0,0,0,0,0,1,0,0,1,0,0,1,0,0,0,0,0,1,0,0,0,1,0,1,0,0,1,0,0,0,0,0,1,0,1,0,0,0,0,1,0,0,0,0,0,1,0,1,0,0,0,1,0,0,0,1,0,0,1,0,0,0,1,0,0,0,1,0,0,0,0,0,0,1,0,0,0,1,0,0,1,0,0,1,0,0,0,0,0,1,0,0,1,0,0,0,1,0,0,0,1,0,1,0,0,0,0,0,0,1,0,0,0,1,1,0,0,0,0,1,0,0,1,0,0,0,0,1,0,0,1,0,0,0,0,1,0,0,0,0,1,0,0,0,0,1,0,0,1,0,1,0,0,0,0,0,1,0,0,1,0,0,0,1,0,0,0,0,1,0,0,1,0,0,0,1,0,0,0,1,0,0,0,1,0,0,0,0,1,0,0,0,0,1,0,1,0,0,0,1,0,0,0,0,1,0,0,0,1,0,0,1,0,0,0,0,0,1,0,0,1,0,0,0,1,0,0,0,1,0,0,0,1,0,0,1,0,0,1,0,0,0,0,1,0,0,0,0,0,1,0,0,1,0,0,0,0,1,0,0,1,0,1,0,0,0,0,0,0,1,1853.64,1655.84,583.0,53.5,46.5,4.4,1000,1.9951,0.0350701402805611,0.0080160320641282,0.0140280561122244,0.0180360721442885,0.0160320641282565,0.0170340681362725,0.0040080160320641,0.0140280561122244,0.0190380761523046,0.0180360721442885,0.0210420841683366,0.0080160320641282,0.0070140280561122,0.0120240480961923,0.0120240480961923,0.0160320641282565,0.0170340681362725,0.0180360721442885,0.0190380761523046,0.0160320641282565,0.0230460921843687,0.0260521042084168,0.0170340681362725,0.0230460921843687,0.0040080160320641,0.0190380761523046,0.0120240480961923,0.0090180360721442,0.0080160320641282,0.0260521042084168,0.0250501002004008,0.0190380761523046,0.0130260521042084,0.0110220440881763,0.0280561122244488,0.0090180360721442,0.0160320641282565,0.0240480961923847,0.0150300601202404,0.0240480961923847,0.0160320641282565,0.0230460921843687,0.0220440881763527,0.0120240480961923,0.0040080160320641,0.0120240480961923,0.0160320641282565,0.0080160320641282,0.0100200400801603,0.0140280561122244,0.0050100200400801,0.0040080160320641,0.0150300601202404,0.0220440881763527,0.0080160320641282,0.0170340681362725,0.0230460921843687,0.0180360721442885,0.0180360721442885,0.0110220440881763,0.0140280561122244,0.0120240480961923,0.0170340681362725,0.0170340681362725,7.51,5.11,6.61,4.7,7.01,8.91,4.4,7.81,6.21,7.91,7.31,4.0,3.3,6.21,7.01,6.01,0,-1,0,0,-1,0,0,-1,0,1,48,1,6.75,5.06
ENSG00000005238,1,0,0,0,0,1,0,0,0,1,0,0,1,0,0,0,0,0,1,0,0,1,0,0,0,1,0,0,0,0,0,1,0,0,1,0,0,0,1,0,0,1,0,0,0,1,0,0,1,0,0,0,1,0,0,0,0,1,0,0,1,0,0,0,0,0,0,1,0,0,1,0,0,0,1,0,0,0,0,1,0,0,1,0,1,0,0,0,1,0,0,0,1,0,0,0,0,1,0,0,0,1,0,0,0,0,0,1,0,0,1,0,0,0,0,1,0,1,0,0,0,0,0,1,0,1,0,0,0,0,0,1,1,0,0,0,0,1,0,0,0,1,0,0,1,0,0,0,1,0,0,0,1,0,0,0,1,0,0,0,1,0,0,0,0,0,0,1,1,0,0,0,0,1,0,0,0,0,1,0,1,0,0,0,1,0,0,0,1,0,0,0,1,0,0,0,0,0,0,1,0,0,0,1,1,0,0,0,0,0,1,0,0,1,0,0,0,1,0,0,0,1,0,0,0,0,1,0,0,0,1,0,0,1,0,0,0,1,0,0,0,0,0,1,0,0,1,0,0,0,1,0,0,0,0,1,0,0,1,0,0,0,1,0,0,1,0,0,0,0,1,0,0,1,0,0,0,0,1,0,0,1,0,0,0,0,1,0,0,1,0,0,0,0,0,1,0,0,0,1,0,0,1,0,0,0,0,1,1,0,0,0,1,0,0,0,0,0,0,1,0,1,0,0,0,1,0,0,0,1,0,0,1,0,0,0,0,0,1,0,0,1,0,0,0,0,0,1,1,0,0,0,0,1,0,0,0,0,0,1,0,1,0,0,0,0,0,1,0,0,1,0,1,0,0,0,1,0,0,0,0,0,1,0,0,0,1,0,0,1,0,0,0,0,0,1,0,0,1,0,2642.82,2445.0,1410.0,56.3,43.7,4.7,1000,1.9765,0.0280561122244488,0.0150300601202404,0.0100200400801603,0.0110220440881763,0.0140280561122244,0.0250501002004008,0.0060120240480961,0.0160320641282565,0.0270541082164328,0.0170340681362725,0.0180360721442885,0.0090180360721442,0.0050100200400801,0.0190380761523046,0.0050100200400801,0.0100200400801603,0.0140280561122244,0.0210420841683366,0.0300601202404809,0.0140280561122244,0.0250501002004008,0.0350701402805611,0.0180360721442885,0.034068136272545,0.0090180360721442,0.0200400801603206,0.0130260521042084,0.0050100200400801,0.0110220440881763,0.032064128256513,0.032064128256513,0.0120240480961923,0.0160320641282565,0.0140280561122244,0.0200400801603206,0.0090180360721442,0.0190380761523046,0.0270541082164328,0.0160320641282565,0.0210420841683366,0.0090180360721442,0.0260521042084168,0.0100200400801603,0.0110220440881763,0.0100200400801603,0.0100200400801603,0.0120240480961923,0.0070140280561122,0.0060120240480961,0.0100200400801603,0.0110220440881763,0.0050100200400801,0.0210420841683366,0.0250501002004008,0.0070140280561122,0.0160320641282565,0.0140280561122244,0.0200400801603206,0.0150300601202404,0.0140280561122244,0.0060120240480961,0.0090180360721442,0.0140280561122244,0.0080160320641282,6.41,6.11,7.11,3.9,7.91,11.21,4.7,8.71,5.91,8.31,5.61,3.9,3.2,7.01,6.31,3.7,0,-1,0,0,-1,0,0,-1,0,0,-1,0,11.06,8.29
ENSG00000005243,0,0,0,1,0,0,1,0,0,1,0,0,1,0,0,0,0,1,0,0,0,0,0,1,0,1,0,0,0,1,0,0,1,0,0,0,0,0,1,0,0,1,0,0,0,1,0,0,0,0,0,1,0,0,1,0,0,0,1,0,0,0,1,0,0,1,0,0,1,0,0,0,1,0,0,0,0,1,0,0,1,0,0,0,0,0,1,0,1,0,0,0,0,0,1,0,0,0,0,1,0,0,1,0,1,0,0,0,0,0,1,0,1,0,0,0,0,1,0,0,0,1,0,0,0,0,1,0,0,0,0,1,0,0,1,0,0,0,0,1,0,1,0,0,0,0,0,1,0,1,0,0,1,0,0,0,1,0,0,0,1,0,0,0,0,1,0,0,1,0,0,0,1,0,0,0,0,0,1,0,0,1,0,0,1,0,0,0,1,0,0,0,0,0,0,1,1,0,0,0,0,0,0,1,0,0,0,1,1,0,0,0,0,0,1,0,0,0,0,1,1,0,0,0,1,0,0,0,1,0,0,0,1,0,0,0,1,0,0,0,0,0,0,1,1,0,0,0,1,0,0,0,0,0,0,1,1,0,0,0,0,0,0,1,0,0,0,1,0,0,0,1,1,0,0,0,0,0,1,0,1,0,0,0,0,0,1,0,1,0,0,0,0,0,0,1,0,0,0,1,0,0,1,0,1,0,0,0,1,0,0,0,1,0,0,0,1,0,0,0,1,0,0,0,1,0,0,0,0,0,1,0,0,0,0,1,0,0,1,0,0,1,0,0,1,0,0,0,1,0,0,0,0,0,0,1,0,0,1,0,1,0,0,0,1,0,0,0,1,0,0,0,0,0,1,0,1,0,0,0,1,0,0,0,1,0,0,0,0,0,1,0,1,0,0,0,1,0,0,0,823.68,625.87,475.0,45.9,54.1,1.1,1000,1.987,0.0360721442885771,0.0130260521042084,0.0230460921843687,0.0180360721442885,0.0190380761523046,0.0150300601202404,0.0040080160320641,0.0120240480961923,0.0370741482965931,0.0140280561122244,0.0250501002004008,0.0160320641282565,0.0180360721442885,0.0080160320641282,0.0180360721442885,0.0150300601202404,0.0180360721442885,0.0140280561122244,0.0220440881763527,0.0140280561122244,0.0170340681362725,0.0140280561122244,0.0050100200400801,0.0160320641282565,0.002004008016032,0.002004008016032,0.003006012024048,0.0040080160320641,0.0100200400801603,0.0100200400801603,0.0260521042084168,0.0220440881763527,0.0230460921843687,0.0160320641282565,0.0310621242484969,0.0100200400801603,0.0160320641282565,0.0130260521042084,0.002004008016032,0.0180360721442885,0.0160320641282565,0.0130260521042084,0.0170340681362725,0.0190380761523046,0.0120240480961923,0.0220440881763527,0.0250501002004008,0.0050100200400801,0.0130260521042084,0.0070140280561122,0.0160320641282565,0.0170340681362725,0.0160320641282565,0.0100200400801603,0.0,0.0220440881763527,0.0250501002004008,0.0200400801603206,0.0210420841683366,0.0250501002004008,0.0130260521042084,0.0080160320641282,0.0210420841683366,0.0160320641282565,9.01,5.01,9.21,5.91,6.81,5.21,1.1,6.81,8.01,4.9,6.61,6.41,5.31,4.8,9.11,5.81,0,-1,0,0,-1,0,0,-1,0,0,-1,0,14.55,10.91
ENSG00000005249,0,0,1,0,1,0,0,0,1,0,0,0,0,0,1,0,1,0,0,0,0,0,0,1,1,0,0,0,1,0,0,0,1,0,0,0,0,0,0,1,0,1,0,0,1,0,0,0,0,0,1,0,1,0,0,0,1,0,0,0,0,0,0,1,1,0,0,0,1,0,0,0,0,1,0,0,0,1,0,0,1,0,0,0,1,0,0,0,0,0,1,0,0,0,0,1,0,0,1,0,1,0,0,0,0,0,1,0,0,1,0,0,0,0,0,1,0,0,0,1,0,0,1,0,0,1,0,0,0,0,0,1,0,1,0,0,0,0,0,1,0,0,0,1,0,0,1,0,1,0,0,0,1,0,0,0,1,0,0,0,0,0,0,1,1,0,0,0,0,0,0,1,0,0,0,1,0,0,0,1,0,0,0,1,1,0,0,0,0,0,0,1,0,0,0,1,0,0,0,1,1,0,0,0,0,1,0,0,1,0,0,0,1,0,0,0,0,0,0,1,0,0,1,0,1,0,0,0,0,0,0,1,1,0,0,0,0,0,0,1,0,0,1,0,1,0,0,0,0,0,0,1,1,0,0,0,1,0,0,0,0,0,0,1,0,0,0,1,0,0,1,0,0,0,0,1,1,0,0,0,0,0,1,0,1,0,0,0,1,0,0,0,1,0,0,0,1,0,0,0,0,0,0,1,0,0,1,0,1,0,0,0,1,0,0,0,0,0,1,0,0,0,0,1,1,0,0,0,0,0,0,1,0,0,1,0,0,1,0,0,0,0,1,0,0,0,0,1,1,0,0,0,0,1,0,0,0,0,0,1,0,0,0,1,1,0,0,0,1,0,0,0,1,0,0,0,0,0,0,1,1,0,0,0,0,0,1,0,1,0,0,0,1,0,0,0,0,0,0,1,3745.0,3547.18,414.0,49.0,51.0,5.3,1000,1.99,0.0470941883767535,0.0110220440881763,0.0310621242484969,0.0280561122244488,0.0190380761523046,0.0080160320641282,0.0070140280561122,0.0120240480961923,0.0200400801603206,0.0170340681362725,0.0150300601202404,0.0140280561122244,0.0210420841683366,0.0090180360721442,0.0150300601202404,0.0190380761523046,0.0240480961923847,0.0140280561122244,0.0120240480961923,0.0150300601202404,0.0130260521042084,0.0120240480961923,0.0110220440881763,0.0190380761523046,0.0040080160320641,0.0220440881763527,0.0230460921843687,0.0040080160320641,0.0100200400801603,0.0190380761523046,0.0140280561122244,0.0120240480961923,0.0210420841683366,0.0130260521042084,0.0130260521042084,0.0110220440881763,0.0130260521042084,0.0230460921843687,0.033066132264529,0.0100200400801603,0.0220440881763527,0.0230460921843687,0.032064128256513,0.0120240480961923,0.0110220440881763,0.0070140280561122,0.0120240480961923,0.0050100200400801,0.0250501002004008,0.0080160320641282,0.0100200400801603,0.0100200400801603,0.0200400801603206,0.0120240480961923,0.002004008016032,0.0150300601202404,0.0110220440881763,0.0170340681362725,0.0190380761523046,0.0050100200400801,0.0110220440881763,0.0140280561122244,0.0110220440881763,0.0260521042084168,11.71,4.6,6.61,6.41,6.51,5.51,5.31,5.61,5.81,7.91,8.91,3.5,5.31,4.9,5.21,6.21,0,-1,0,0,-1,0,1,7,3,0,-1,0,2.24,1.68
ENSG00000005302,0,0,1,0,0,1,0,0,1,0,0,0,1,0,0,0,0,1,0,0,0,0,0,1,0,0,0,1,0,0,0,1,0,1,0,0,0,0,0,1,0,0,1,0,0,0,1,0,1,0,0,0,0,0,1,0,0,0,1,0,0,1,0,0,0,0,0,1,1,0,0,0,0,0,1,0,1,0,0,0,1,0,0,0,0,1,0,0,1,0,0,0,0,0,1,0,1,0,0,0,0,0,1,0,1,0,0,0,1,0,0,0,0,0,1,0,0,0,1,0,0,0,1,0,0,0,1,0,1,0,0,0,1,0,0,0,0,0,1,0,0,0,0,1,0,0,0,1,0,1,0,0,1,0,0,0,0,1,0,0,0,1,0,0,1,0,0,0,0,0,1,0,0,0,1,0,0,0,0,1,0,1,0,0,0,1,0,0,0,0,1,0,0,1,0,0,1,0,0,0,0,0,1,0,1,0,0,0,0,0,1,0,1,0,0,0,0,0,0,1,0,0,0,1,1,0,0,0,0,0,1,0,0,1,0,0,0,1,0,0,0,0,0,1,0,0,1,0,0,0,1,0,1,0,0,0,1,0,0,0,0,0,1,0,0,1,0,0,0,0,0,1,0,0,1,0,0,0,1,0,0,0,0,1,0,1,0,0,0,0,0,1,0,1,0,0,0,1,0,0,1,0,0,0,0,0,1,0,0,1,0,0,0,1,0,0,0,1,0,0,0,0,1,0,0,0,1,0,0,0,0,1,0,1,0,0,0,1,0,0,0,0,0,1,1,0,0,0,1,0,0,0,0,0,0,1,0,1,0,0,0,1,0,0,1,0,0,0,0,0,1,0,0,0,0,1,1,0,0,0,1,0,0,0,0,0,0,1,0,0,0,1,1,0,0,0,0,1,0,0,2113.13,1915.31,3798.0,65.8,34.2,8.2,1000,1.9261,0.0070140280561122,0.0060120240480961,0.0170340681362725,0.003006012024048,0.0060120240480961,0.0110220440881763,0.0140280561122244,0.0140280561122244,0.0150300601202404,0.0220440881763527,0.0210420841683366,0.0080160320641282,0.0040080160320641,0.0060120240480961,0.002004008016032,0.0110220440881763,0.0110220440881763,0.0180360721442885,0.0230460921843687,0.0100200400801603,0.0280561122244488,0.0300601202404809,0.0280561122244488,0.0250501002004008,0.0060120240480961,0.034068136272545,0.033066132264529,0.0090180360721442,0.0090180360721442,0.033066132264529,0.0280561122244488,0.0120240480961923,0.0100200400801603,0.0160320641282565,0.0170340681362725,0.0050100200400801,0.0140280561122244,0.0420841683366733,0.033066132264529,0.0240480961923847,0.0220440881763527,0.0380761523046092,0.0551102204408817,0.0090180360721442,0.0040080160320641,0.0170340681362725,0.0090180360721442,0.0040080160320641,0.0050100200400801,0.0050100200400801,0.0090180360721442,0.0050100200400801,0.0140280561122244,0.0290581162324649,0.0070140280561122,0.0190380761523046,0.0050100200400801,0.0180360721442885,0.0150300601202404,0.0080160320641282,0.0070140280561122,0.0130260521042084,0.0070140280561122,0.0090180360721442,3.3,4.5,6.61,2.3,6.21,11.21,8.21,8.21,4.8,11.31,12.41,3.4,2.4,6.91,4.6,3.6,0,-1,0,0,-1,0,1,48,2,1,93,1,38.02,28.5
ENSG00000005339,0,0,0,1,1,0,0,0,0,1,0,0,0,1,0,0,0,0,0,1,0,0,0,1,0,0,0,1,1,0,0,0,0,0,0,1,0,0,1,0,1,0,0,0,0,0,1,0,0,0,1,0,1,0,0,0,1,0,0,0,0,0,1,0,0,1,0,0,0,1,0,0,0,0,1,0,0,0,1,0,0,0,1,0,0,1,0,0,1,0,0,0,1,0,0,0,0,0,1,0,0,0,0,1,0,0,0,1,0,0,0,1,0,0,1,0,0,0,1,0,1,0,0,0,0,0,1,0,0,0,1,0,0,0,1,0,0,0,1,0,0,1,0,0,1,0,0,0,0,0,1,0,1,0,0,0,0,0,0,1,1,0,0,0,1,0,0,0,0,1,0,0,0,0,0,1,1,0,0,0,1,0,0,0,0,1,0,0,0,0,0,1,0,0,1,0,0,0,1,0,0,0,1,0,1,0,0,0,0,0,0,1,0,0,1,0,0,0,1,0,0,0,1,0,1,0,0,0,1,0,0,0,0,1,0,0,1,0,0,0,0,1,0,0,0,1,0,0,0,0,0,1,0,1,0,0,0,0,1,0,0,0,1,0,0,0,1,0,0,0,0,1,1,0,0,0,0,0,0,1,0,0,0,1,0,1,0,0,0,0,1,0,0,0,0,1,1,0,0,0,0,0,1,0,1,0,0,0,1,0,0,0,0,0,1,0,0,0,0,1,0,0,1,0,0,0,0,1,0,1,0,0,0,1,0,0,0,1,0,0,0,0,1,0,0,1,0,0,0,0,1,0,0,0,1,0,0,0,1,0,0,1,0,0,0,0,0,1,0,0,1,0,0,0,0,1,0,0,1,0,0,0,1,0,0,0,0,1,0,1,0,0,0,0,0,1,0,1,0,0,6708.26,6510.46,4255.0,71.0,29.0,10.0,1000,1.8681,0.0090180360721442,0.0080160320641282,0.0110220440881763,0.002004008016032,0.0050100200400801,0.0150300601202404,0.0110220440881763,0.0080160320641282,0.0080160320641282,0.0170340681362725,0.0270541082164328,0.0080160320641282,0.001002004008016,0.0040080160320641,0.0040080160320641,0.002004008016032,0.0040080160320641,0.0170340681362725,0.0230460921843687,0.003006012024048,0.0210420841683366,0.06312625250501,0.0420841683366733,0.0280561122244488,0.0140280561122244,0.0420841683366733,0.033066132264529,0.0110220440881763,0.0060120240480961,0.0200400801603206,0.0240480961923847,0.0140280561122244,0.0130260521042084,0.0110220440881763,0.0210420841683366,0.0040080160320641,0.0130260521042084,0.0591182364729458,0.034068136272545,0.0170340681362725,0.0210420841683366,0.0511022044088176,0.0511022044088176,0.0120240480961923,0.0040080160320641,0.0120240480961923,0.0160320641282565,0.0060120240480961,0.0040080160320641,0.003006012024048,0.0050100200400801,0.002004008016032,0.0080160320641282,0.0170340681362725,0.0130260521042084,0.0110220440881763,0.0060120240480961,0.0130260521042084,0.0240480961923847,0.0070140280561122,0.002004008016032,0.0130260521042084,0.0060120240480961,0.0140280561122244,3.0,3.9,6.01,1.1,4.7,15.42,10.01,6.41,4.9,12.31,13.51,3.8,1.4,4.9,5.01,3.6,0,-1,0,0,-1,0,0,-1,0,0,-1,0,12.53,9.39
ENSG00000005379,0,1,0,0,1,0,0,0,0,1,0,0,0,0,1,0,0,1,0,0,1,0,0,0,0,0,0,1,0,0,1,0,0,1,0,0,0,0,1,0,0,1,0,0,1,0,0,0,0,0,0,1,1,0,0,0,1,0,0,0,0,0,0,1,0,0,1,0,0,0,1,0,0,1,0,0,1,0,0,0,0,0,0,1,0,0,1,0,0,1,0,0,1,0,0,0,0,0,0,1,1,0,0,0,0,0,0,1,1,0,0,0,0,0,0,1,1,0,0,0,0,1,0,0,0,0,0,1,0,1,0,0,0,0,0,1,0,0,1,0,1,0,0,0,0,1,0,0,0,1,0,0,0,0,0,1,1,0,0,0,1,0,0,0,1,0,0,0,0,1,0,0,1,0,0,0,0,0,1,0,0,1,0,0,1,0,0,0,1,0,0,0,0,1,0,0,1,0,0,0,0,1,0,0,1,0,0,0,0,0,0,1,0,1,0,0,1,0,0,0,0,0,0,1,0,0,1,0,0,1,0,0,1,0,0,0,0,0,1,0,0,0,0,1,0,0,1,0,0,0,1,0,0,1,0,0,0,0,1,0,0,0,0,1,0,0,1,0,0,1,0,0,0,0,1,0,0,0,0,1,0,0,1,0,0,0,0,1,0,0,0,1,0,0,1,0,1,0,0,0,0,1,0,0,0,1,0,0,0,0,0,1,1,0,0,0,0,1,0,0,1,0,0,0,0,1,0,0,1,0,0,0,0,1,0,0,0,0,0,1,0,0,1,0,0,1,0,0,0,0,0,1,0,0,0,1,0,0,0,1,1,0,0,0,0,0,1,0,0,0,1,0,0,0,1,0,1,0,0,0,1,0,0,0,0,0,1,0,0,0,0,1,0,0,1,0,1,0,0,0,2664.5,2466.72,0.0,56.7,43.3,2.3,1000,1.9797,0.0060120240480961,0.0100200400801603,0.0120240480961923,0.0070140280561122,0.0150300601202404,0.0210420841683366,0.003006012024048,0.0120240480961923,0.0130260521042084,0.0120240480961923,0.0260521042084168,0.0120240480961923,0.0070140280561122,0.0100200400801603,0.0150300601202404,0.0090180360721442,0.0120240480961923,0.0210420841683366,0.0210420841683366,0.0180360721442885,0.0270541082164328,0.0460921843687374,0.0130260521042084,0.0240480961923847,0.0050100200400801,0.0050100200400801,0.0070140280561122,0.0060120240480961,0.0140280561122244,0.0310621242484969,0.034068136272545,0.0200400801603206,0.0130260521042084,0.0140280561122244,0.0220440881763527,0.0070140280561122,0.0140280561122244,0.0220440881763527,0.0040080160320641,0.0200400801603206,0.0250501002004008,0.0220440881763527,0.033066132264529,0.0130260521042084,0.003006012024048,0.0170340681362725,0.0210420841683366,0.0110220440881763,0.0040080160320641,0.0060120240480961,0.0080160320641282,0.0090180360721442,0.0150300601202404,0.0220440881763527,0.003006012024048,0.0430861723446893,0.0130260521042084,0.0210420841683366,0.0270541082164328,0.0210420841683366,0.003006012024048,0.0250501002004008,0.0120240480961923,0.0110220440881763,3.5,5.11,6.31,4.1,7.21,11.11,2.3,9.91,5.61,6.01,9.31,5.21,2.7,8.31,8.21,5.11,0,-1,0,0,-1,0,0,-1,0,0,-1,0,0.0,0.0
ENSG00000005381,0,0,1,0,0,0,0,1,0,0,0,1,0,0,0,1,0,0,1,0,0,0,1,0,1,0,0,0,0,0,1,0,1,0,0,0,0,1,0,0,1,0,0,0,0,0,1,0,0,1,0,0,0,1,0,0,0,1,0,0,0,0,0,1,0,1,0,0,0,0,0,1,1,0,0,0,0,1,0,0,0,1,0,0,1,0,0,0,0,0,1,0,1,0,0,0,1,0,0,0,0,0,1,0,0,1,0,0,0,1,0,0,1,0,0,0,1,0,0,0,0,0,1,0,1,0,0,0,1,0,0,0,0,0,1,0,1,0,0,0,1,0,0,0,1,0,0,0,0,0,1,0,0,0,1,0,0,0,1,0,0,0,1,0,1,0,0,0,0,0,1,0,0,0,0,1,0,0,1,0,1,0,0,0,0,0,1,0,0,0,1,0,1,0,0,0,0,0,1,0,0,0,1,0,0,0,1,0,1,0,0,0,0,0,0,1,1,0,0,0,0,0,1,0,1,0,0,0,0,0,1,0,0,0,1,0,1,0,0,0,1,0,0,0,0,0,1,0,0,0,0,1,0,0,0,1,1,0,0,0,0,0,0,1,0,1,0,0,0,0,0,1,0,0,0,1,0,0,1,0,0,0,1,0,0,0,0,1,0,1,0,0,0,1,0,0,0,0,0,1,0,0,1,0,0,1,0,0,0,0,1,0,0,1,0,0,0,1,0,0,0,1,0,0,1,0,0,0,0,1,0,0,1,0,0,0,0,0,1,0,0,0,0,1,0,1,0,0,0,1,0,0,0,1,0,0,0,1,0,0,1,0,0,0,0,0,1,0,0,0,1,0,0,0,1,0,0,0,0,1,0,1,0,0,0,1,0,0,0,0,0,1,0,1,0,0,0,1,0,0,1358.0,1160.31,0.0,52.3,47.7,0.9,1000,1.9974,0.0380761523046092,0.0110220440881763,0.0190380761523046,0.0160320641282565,0.0130260521042084,0.0180360721442885,0.002004008016032,0.0100200400801603,0.0230460921843687,0.0170340681362725,0.0300601202404809,0.0130260521042084,0.0080160320641282,0.0120240480961923,0.0080160320641282,0.0130260521042084,0.0180360721442885,0.0130260521042084,0.0290581162324649,0.0090180360721442,0.0290581162324649,0.0360721442885771,0.0,0.034068136272545,0.0,0.003006012024048,0.0040080160320641,0.002004008016032,0.0130260521042084,0.0150300601202404,0.0290581162324649,0.0220440881763527,0.0160320641282565,0.0080160320641282,0.0260521042084168,0.0110220440881763,0.0120240480961923,0.0190380761523046,0.0050100200400801,0.0210420841683366,0.0240480961923847,0.0260521042084168,0.0350701402805611,0.0150300601202404,0.0080160320641282,0.0110220440881763,0.0180360721442885,0.0110220440881763,0.0120240480961923,0.0110220440881763,0.0090180360721442,0.0050100200400801,0.0150300601202404,0.0260521042084168,0.002004008016032,0.0150300601202404,0.0140280561122244,0.0110220440881763,0.0310621242484969,0.0170340681362725,0.0080160320641282,0.0200400801603206,0.0180360721442885,0.0110220440881763,8.41,4.3,8.31,4.1,6.91,9.91,0.9,8.01,6.11,5.71,10.01,4.8,3.7,5.81,7.31,5.71,0,-1,0,0,-1,0,0,-1,0,0,-1,0,0.0,0.0
ENSG00000005421,0,0,1,0,0,1,0,0,1,0,0,0,0,0,0,1,0,0,1,0,0,0,0,1,0,0,0,1,0,0,1,0,0,0,1,0,0,0,0,1,1,0,0,0,0,0,0,1,0,0,0,1,0,0,1,0,0,0,1,0,0,1,0,0,0,0,0,1,0,0,1,0,0,0,1,0,0,1,0,0,1,0,0,0,1,0,0,0,0,0,0,1,1,0,0,0,0,0,0,1,0,0,0,1,0,1,0,0,0,1,0,0,1,0,0,0,0,1,0,0,1,0,0,0,1,0,0,0,0,0,1,0,1,0,0,0,0,0,1,0,1,0,0,0,0,0,0,1,0,0,1,0,1,0,0,0,1,0,0,0,1,0,0,0,0,0,1,0,0,0,1,0,1,0,0,0,0,1,0,0,1,0,0,0,0,0,1,0,1,0,0,0,0,0,0,1,1,0,0,0,0,0,0,1,0,0,0,1,0,0,1,0,0,1,0,0,1,0,0,0,0,0,1,0,1,0,0,0,1,0,0,0,0,0,1,0,1,0,0,0,0,0,1,0,1,0,0,0,0,0,1,0,1,0,0,0,1,0,0,0,0,0,1,0,0,0,1,0,0,0,0,1,1,0,0,0,0,0,0,1,1,0,0,0,1,0,0,0,0,1,0,0,0,0,0,1,0,0,1,0,0,0,1,0,0,0,1,0,1,0,0,0,0,1,0,0,0,1,0,0,1,0,0,0,1,0,0,0,1,0,0,0,1,0,0,0,0,0,1,0,0,1,0,0,0,1,0,0,0,0,0,1,0,0,0,1,0,0,1,0,1,0,0,0,0,0,1,0,1,0,0,0,1,0,0,0,0,0,1,0,0,0,1,0,1,0,0,0,1,0,0,0,1,0,0,0,0,0,1,0,1279.65,1081.86,377.06,49.3,50.7,1.9,1000,1.9989,0.0180360721442885,0.0090180360721442,0.0190380761523046,0.0150300601202404,0.0230460921843687,0.0110220440881763,0.0040080160320641,0.0150300601202404,0.0300601202404809,0.0220440881763527,0.0170340681362725,0.0140280561122244,0.0110220440881763,0.0110220440881763,0.0220440881763527,0.0140280561122244,0.0150300601202404,0.0170340681362725,0.0260521042084168,0.0190380761523046,0.0160320641282565,0.0190380761523046,0.0060120240480961,0.0190380761523046,0.002004008016032,0.0060120240480961,0.0090180360721442,0.002004008016032,0.0100200400801603,0.0170340681362725,0.0270541082164328,0.0230460921843687,0.0210420841683366,0.0180360721442885,0.0270541082164328,0.0090180360721442,0.0250501002004008,0.0130260521042084,0.0070140280561122,0.0220440881763527,0.0160320641282565,0.0200400801603206,0.0210420841683366,0.0120240480961923,0.0120240480961923,0.0070140280561122,0.0160320641282565,0.0120240480961923,0.0070140280561122,0.0090180360721442,0.0110220440881763,0.0150300601202404,0.0130260521042084,0.0170340681362725,0.002004008016032,0.0210420841683366,0.0270541082164328,0.0190380761523046,0.0220440881763527,0.0190380761523046,0.0090180360721442,0.0180360721442885,0.0220440881763527,0.0210420841683366,6.11,5.31,8.31,5.81,7.71,6.01,1.9,7.71,7.51,6.81,6.91,4.7,4.2,5.31,8.71,7.01,0,-1,0,1,58,1,1,46,1,1,58,1,6.68,5.01
ENSG00000005436,0,1,0,0,0,0,0,1,0,0,1,0,0,1,0,0,0,1,0,0,0,0,0,1,0,0,1,0,0,1,0,0,0,1,0,0,1,0,0,0,0,0,1,0,0,0,0,1,0,1,0,0,0,1,0,0,0,0,1,0,0,0,1,0,0,1,0,0,0,0,1,0,0,1,0,0,0,1,0,0,0,0,1,0,0,0,0,1,0,0,1,0,0,1,0,0,0,0,1,0,0,1,0,0,0,0,0,1,0,1,0,0,0,0,1,0,0,0,0,1,1,0,0,0,0,1,0,0,0,0,0,1,0,1,0,0,0,1,0,0,0,0,0,1,0,1,0,0,1,0,0,0,0,0,1,0,0,1,0,0,0,1,0,0,0,1,0,0,0,0,0,1,0,0,0,1,0,0,1,0,0,0,1,0,0,0,1,0,0,0,0,1,0,0,1,0,0,0,1,0,0,0,0,1,0,1,0,0,0,0,1,0,1,0,0,0,0,0,0,1,0,0,1,0,0,0,1,0,0,0,1,0,1,0,0,0,0,1,0,0,0,0,0,1,0,0,1,0,0,0,1,0,0,0,1,0,0,1,0,0,0,0,1,0,0,1,0,0,0,1,0,0,0,0,1,0,0,0,0,1,0,0,1,0,0,0,1,0,1,0,0,0,0,0,1,0,0,1,0,0,1,0,0,0,0,0,1,0,0,0,1,0,0,0,1,0,0,0,1,0,0,0,1,0,0,0,0,1,0,0,1,0,0,0,1,0,0,0,0,1,0,0,1,0,0,1,0,0,0,0,0,1,0,1,0,0,0,0,1,0,0,0,0,1,0,1,0,0,0,0,1,0,0,0,1,0,0,0,1,0,0,0,1,0,1,0,0,0,0,0,0,1,0,0,1,0,0,1,0,0,1312.1,1114.32,1801.0,56.1,43.9,4.6,1000,1.9883,0.0160320641282565,0.0140280561122244,0.0150300601202404,0.0080160320641282,0.0190380761523046,0.0120240480961923,0.0070140280561122,0.0120240480961923,0.0160320641282565,0.0220440881763527,0.0230460921843687,0.0180360721442885,0.0120240480961923,0.0060120240480961,0.0140280561122244,0.0080160320641282,0.0130260521042084,0.0160320641282565,0.0350701402805611,0.0110220440881763,0.0190380761523046,0.0200400801603206,0.0210420841683366,0.0150300601202404,0.0060120240480961,0.0130260521042084,0.0180360721442885,0.0090180360721442,0.0090180360721442,0.0290581162324649,0.0230460921843687,0.0090180360721442,0.0140280561122244,0.0120240480961923,0.0160320641282565,0.0130260521042084,0.0240480961923847,0.0290581162324649,0.0100200400801603,0.0240480961923847,0.0220440881763527,0.0290581162324649,0.033066132264529,0.0150300601202404,0.0110220440881763,0.0120240480961923,0.0170340681362725,0.0120240480961923,0.0100200400801603,0.0080160320641282,0.0130260521042084,0.0080160320641282,0.0130260521042084,0.0140280561122244,0.0080160320641282,0.0180360721442885,0.0110220440881763,0.0240480961923847,0.0250501002004008,0.0100200400801603,0.0070140280561122,0.0060120240480961,0.0160320641282565,0.0260521042084168,5.31,5.01,7.91,4.0,7.51,7.51,4.6,7.01,5.51,8.81,9.91,5.21,3.9,5.31,7.01,5.51,0,-1,0,0,-1,0,0,-1,0,0,-1,0,30.99,23.23
ENSG00000005448,0,1,0,0,0,1,0,0,0,1,0,0,1,0,0,0,0,0,1,0,0,1,0,0,0,1,0,0,0,0,0,1,0,1,0,0,0,0,1,0,0,1,0,0,1,0,0,0,0,0,0,1,0,1,0,0,0,0,0,1,0,0,1,0,1,0,0,0,0,1,0,0,1,0,0,0,0,1,0,0,0,1,0,0,0,1,0,0,0,0,1,0,0,0,0,1,0,0,1,0,1,0,0,0,0,0,0,1,0,0,1,0,0,0,1,0,0,0,0,1,0,0,1,0,1,0,0,0,0,1,0,0,0,1,0,0,1,0,0,0,0,0,1,0,1,0,0,0,1,0,0,0,0,0,1,0,0,0,1,0,0,0,1,0,1,0,0,0,0,1,0,0,1,0,0,0,0,0,1,0,1,0,0,0,0,0,1,0,1,0,0,0,0,0,0,1,1,0,0,0,0,0,0,1,0,0,0,1,0,0,0,1,0,0,0,1,0,0,0,1,0,0,1,0,0,1,0,0,1,0,0,0,0,1,0,0,1,0,0,0,1,0,0,0,1,0,0,0,0,0,1,0,0,0,1,0,0,1,0,0,0,0,0,1,0,1,0,0,0,0,0,1,0,0,0,1,0,1,0,0,1,0,0,0,1,0,0,0,1,0,0,0,0,0,0,1,0,1,0,0,0,1,0,0,0,0,1,0,0,0,0,1,0,0,0,1,0,0,0,1,0,0,0,1,0,1,0,0,0,0,0,1,0,0,0,1,0,0,0,1,0,1,0,0,0,0,0,1,0,0,0,1,0,1,0,0,0,0,0,1,0,0,0,1,0,1,0,0,0,0,0,1,0,0,0,1,0,1,0,0,0,0,0,1,0,0,0,1,0,0,0,1,0,0,0,1,0,0,0,1,1103.95,906.13,2132.0,52.3,47.7,5.3,1000,1.9769,0.0140280561122244,0.0110220440881763,0.0100200400801603,0.0130260521042084,0.0140280561122244,0.0200400801603206,0.0070140280561122,0.0110220440881763,0.0110220440881763,0.0180360721442885,0.0090180360721442,0.0140280561122244,0.0050100200400801,0.0120240480961923,0.0060120240480961,0.0190380761523046,0.0150300601202404,0.0210420841683366,0.0190380761523046,0.0150300601202404,0.0230460921843687,0.0250501002004008,0.0200400801603206,0.0220440881763527,0.0110220440881763,0.0220440881763527,0.0120240480961923,0.0080160320641282,0.0070140280561122,0.034068136272545,0.0260521042084168,0.0210420841683366,0.0070140280561122,0.0130260521042084,0.0160320641282565,0.0070140280561122,0.0190380761523046,0.0250501002004008,0.0130260521042084,0.0210420841683366,0.0040080160320641,0.0250501002004008,0.0170340681362725,0.0100200400801603,0.0080160320641282,0.0100200400801603,0.0130260521042084,0.0120240480961923,0.0120240480961923,0.0070140280561122,0.0070140280561122,0.0070140280561122,0.0140280561122244,0.0200400801603206,0.0130260521042084,0.034068136272545,0.0170340681362725,0.0130260521042084,0.0180360721442885,0.0110220440881763,0.0130260521042084,0.0250501002004008,0.0140280561122244,0.0581162324649298,4.8,5.21,5.21,4.2,7.01,9.11,5.31,8.81,4.3,7.81,5.61,4.3,3.3,8.11,5.91,11.01,0,-1,0,0,-1,0,0,-1,0,0,-1,0,45.11,33.82
ENSG00000005469,0,0,0,1,0,0,1,0,0,0,1,0,0,0,1,0,0,0,1,0,0,1,0,0,0,1,0,0,0,0,0,1,0,0,1,0,0,0,0,1,0,1,0,0,1,0,0,0,0,0,0,1,0,0,1,0,1,0,0,0,0,1,0,0,1,0,0,0,0,0,0,1,0,0,1,0,0,0,0,1,0,0,0,1,1,0,0,0,1,0,0,0,0,0,0,1,0,0,0,1,0,0,0,1,0,0,1,0,1,0,0,0,1,0,0,0,1,0,0,0,0,0,0,1,0,1,0,0,0,0,0,1,1,0,0,0,1,0,0,0,1,0,0,0,0,0,0,1,0,1,0,0,0,0,0,1,0,0,0,1,0,0,0,1,1,0,0,0,0,0,0,1,0,1,0,0,0,0,0,1,0,0,0,1,0,0,0,1,0,0,1,0,1,0,0,0,0,0,0,1,1,0,0,0,1,0,0,0,0,1,0,0,0,0,0,1,1,0,0,0,0,0,1,0,0,0,0,1,0,0,0,1,0,1,0,0,1,0,0,0,0,0,1,0,1,0,0,0,0,0,1,0,0,0,0,1,0,1,0,0,1,0,0,0,0,0,1,0,0,0,0,1,0,0,1,0,0,0,0,1,1,0,0,0,1,0,0,0,1,0,0,0,0,1,0,0,1,0,0,0,0,0,0,1,0,0,0,1,0,0,0,1,0,0,1,0,0,0,1,0,0,0,0,1,0,1,0,0,0,0,0,1,0,0,0,1,0,0,0,1,0,1,0,0,0,1,0,0,0,0,0,1,0,0,0,1,0,1,0,0,0,1,0,0,1,0,0,0,0,1,0,0,1,0,0,0,1,0,0,0,1,0,0,0,1,0,0,0,1,0,0,0,1,0,0,0,1,0,0,0,2735.01,2537.19,1149.0,52.3,47.7,4.2,1000,1.9956,0.034068136272545,0.0100200400801603,0.0240480961923847,0.0190380761523046,0.0140280561122244,0.0100200400801603,0.0040080160320641,0.0110220440881763,0.0250501002004008,0.0230460921843687,0.0150300601202404,0.0160320641282565,0.0070140280561122,0.0170340681362725,0.0130260521042084,0.0140280561122244,0.0160320641282565,0.0120240480961923,0.0260521042084168,0.0130260521042084,0.0180360721442885,0.0300601202404809,0.0140280561122244,0.0190380761523046,0.0060120240480961,0.0110220440881763,0.0200400801603206,0.0050100200400801,0.0090180360721442,0.0090180360721442,0.0210420841683366,0.0180360721442885,0.0190380761523046,0.0130260521042084,0.0180360721442885,0.0100200400801603,0.0200400801603206,0.0210420841683366,0.0180360721442885,0.0120240480961923,0.0150300601202404,0.0230460921843687,0.034068136272545,0.0180360721442885,0.0140280561122244,0.0120240480961923,0.0170340681362725,0.0110220440881763,0.0180360721442885,0.0040080160320641,0.0110220440881763,0.0090180360721442,0.0150300601202404,0.0200400801603206,0.0060120240480961,0.0150300601202404,0.0140280561122244,0.0140280561122244,0.0210420841683366,0.0150300601202404,0.0120240480961923,0.0190380761523046,0.0120240480961923,0.0150300601202404,8.71,3.9,7.91,5.11,6.71,8.11,4.2,5.71,6.01,7.11,9.01,5.41,4.2,5.71,6.41,5.81,0,-1,0,1,53,1,1,28,2,1,49,1,8.68,6.51
ENSG00000005471,1,0,0,0,1,0,0,0,0,0,0,1,1,0,0,0,0,1,0,0,1,0,0,0,0,1,0,0,1,0,0,0,0,0,0,1,0,0,0,1,0,0,0,1,1,0,0,0,0,1,0,0,0,0,0,1,0,0,1,0,1,0,0,0,0,0,1,0,0,1,0,0,0,1,0,0,0,1,0,0,1,0,0,0,0,1,0,0,0,0,0,1,0,0,1,0,0,0,1,0,0,0,0,1,0,0,1,0,0,1,0,0,0,0,0,1,0,0,1,0,0,0,0,1,0,0,1,0,0,0,1,0,0,0,1,0,0,1,0,0,1,0,0,0,0,1,0,0,0,0,0,1,1,0,0,0,0,0,1,0,1,0,0,0,1,0,0,0,1,0,0,0,0,0,0,1,1,0,0,0,0,1,0,0,1,0,0,0,1,0,0,0,0,1,0,0,1,0,0,0,0,0,1,0,0,0,1,0,0,0,0,1,1,0,0,0,1,0,0,0,0,0,1,0,0,0,1,0,0,1,0,0,0,0,0,1,0,0,0,1,0,1,0,0,0,0,0,1,0,0,1,0,0,0,0,1,0,1,0,0,0,0,0,1,1,0,0,0,1,0,0,0,0,1,0,0,1,0,0,0,0,0,1,0,0,0,0,1,0,0,1,0,0,0,1,0,0,0,0,1,0,1,0,0,0,0,0,1,0,0,0,1,0,1,0,0,1,0,0,0,1,0,0,0,0,0,0,1,1,0,0,0,0,0,1,0,0,0,1,0,1,0,0,0,1,0,0,0,0,0,0,1,1,0,0,0,0,1,0,0,1,0,0,0,0,0,1,0,1,0,0,0,1,0,0,0,0,0,0,1,0,0,1,0,1,0,0,0,0,0,1,0,1,0,0,0,1,0,0,0,3923.0,3725.18,20.0,39.5,60.5,0.5,1000,1.9543,0.0360721442885771,0.0140280561122244,0.0230460921843687,0.0360721442885771,0.0250501002004008,0.0050100200400801,0.003006012024048,0.0180360721442885,0.0350701402805611,0.0120240480961923,0.0250501002004008,0.0190380761523046,0.032064128256513,0.0110220440881763,0.0200400801603206,0.0210420841683366,0.0190380761523046,0.0140280561122244,0.0160320641282565,0.0140280561122244,0.0140280561122244,0.0050100200400801,0.0,0.0150300601202404,0.001002004008016,0.0,0.003006012024048,0.001002004008016,0.0150300601202404,0.0110220440881763,0.0180360721442885,0.0180360721442885,0.0250501002004008,0.0100200400801603,0.0370741482965931,0.0150300601202404,0.0100200400801603,0.0100200400801603,0.002004008016032,0.0150300601202404,0.0200400801603206,0.0150300601202404,0.0120240480961923,0.0090180360721442,0.0120240480961923,0.0090180360721442,0.0240480961923847,0.0060120240480961,0.0280561122244488,0.0130260521042084,0.0150300601202404,0.0190380761523046,0.0140280561122244,0.0140280561122244,0.0,0.0140280561122244,0.0310621242484969,0.0100200400801603,0.0160320641282565,0.0220440881763527,0.0170340681362725,0.0110220440881763,0.0170340681362725,0.0270541082164328,10.91,5.11,9.11,8.41,6.31,3.4,0.5,6.21,8.71,3.7,5.61,5.11,7.61,4.2,7.91,7.21,0,-1,0,0,-1,0,0,-1,0,1,17,1,0.1,0.08
